name,product_type,description,monthly_sales
Blue Pen Pro,Stationery,Blue ballpoint pen. Pro model – batch 1.,310
USB Mouse Wireless,Electronics,Wired USB mouse with high precision. Wireless model – batch 2.,144
Full HD Webcam Pro,Electronics,1080p webcam for video conferencing. Pro model – batch 3.,496
Clean Code Book Standard,Book,Best practices for clean and maintainable code. Standard model – batch 4.,324
HDMI Cable Standard,Accessories,High-speed HDMI 2.0 cable. Standard model – batch 5.,295
Python Book Standard,Book,Learn Python from beginner to advanced. Standard model – batch 6.,312
USB Flash Drive 64GB Plus,Electronics,USB 3.0 flash drive with 64GB capacity. Plus model – batch 7.,452
Django Book Wireless,Book,Web development with Django. Wireless model – batch 8.,60
Bluetooth Headphones Plus,Electronics,Wireless headphones with noise cancellation. Plus model – batch 9.,111
Gaming Mousepad Standard,Accessories,Large mousepad with non-slip base. Standard model – batch 10.,161
Full HD Webcam Advanced,Electronics,1080p webcam for video conferencing. Advanced model – batch 11.,288
Bluetooth Headphones Pro,Electronics,Wireless headphones with noise cancellation. Pro model – batch 12.,343
Blue Pen Pro,Stationery,Blue ballpoint pen. Pro model – batch 13.,340
Blue Pen USB-C,Stationery,Blue ballpoint pen. USB-C model – batch 14.,261
Laptop Backpack Premium,Accessories,Durable backpack for up to 15-inch laptops. Premium model – batch 15.,152
USB Flash Drive 64GB Pro,Electronics,USB 3.0 flash drive with 64GB capacity. Pro model – batch 16.,139
University Notebook Compact,Stationery,Notebook with 200 pages. Compact model – batch 17.,438
ATX Power Supply 600W Premium,Electronics,600W certified power supply. Premium model – batch 18.,24
Algorithms Book USB-C,Book,Introduction to algorithms and programming logic. USB-C model – batch 19.,61
Blue Pen Premium,Stationery,Blue ballpoint pen. Premium model – batch 20.,237
24 Inch Monitor Standard,Electronics,Full HD monitor for work and gaming. Standard model – batch 21.,191
24 Inch Monitor Standard,Electronics,Full HD monitor for work and gaming. Standard model – batch 22.,227
USB Mouse Pro,Electronics,Wired USB mouse with high precision. Pro model – batch 23.,302
Clean Code Book Standard,Book,Best practices for clean and maintainable code. Standard model – batch 24.,220
Laptop i5 Standard,Electronics,Laptop with Intel i5 processor and SSD. Standard model – batch 25.,135
Multifunction Printer Wireless,Electronics,Printer with scanner and copier. Wireless model – batch 26.,215
ATX Power Supply 600W Wireless,Electronics,600W certified power supply. Wireless model – batch 27.,453
Laptop Stand Standard,Accessories,Adjustable ergonomic laptop stand. Standard model – batch 28.,389
USB Mouse Standard,Electronics,Wired USB mouse with high precision. Standard model – batch 29.,483
Full HD Webcam Plus,Electronics,1080p webcam for video conferencing. Plus model – batch 30.,492
Laptop i5 Premium,Electronics,Laptop with Intel i5 processor and SSD. Premium model – batch 31.,106
Python Book Premium,Book,Learn Python from beginner to advanced. Premium model – batch 32.,172
Algorithms Book Pro,Book,Introduction to algorithms and programming logic. Pro model – batch 33.,72
University Notebook Advanced,Stationery,Notebook with 200 pages. Advanced model – batch 34.,159
Laptop Stand Standard,Accessories,Adjustable ergonomic laptop stand. Standard model – batch 35.,122
Django Book Premium,Book,Web development with Django. Premium model – batch 36.,194
Gaming Mousepad Standard,Accessories,Large mousepad with non-slip base. Standard model – batch 37.,425
USB Mouse Wireless,Electronics,Wired USB mouse with high precision. Wireless model – batch 38.,124
Laptop Backpack Standard,Accessories,Durable backpack for up to 15-inch laptops. Standard model – batch 39.,148
Multifunction Printer Advanced,Electronics,Printer with scanner and copier. Advanced model – batch 40.,28
USB Mouse Standard,Electronics,Wired USB mouse with high precision. Standard model – batch 41.,21
Blue Pen Wireless,Stationery,Blue ballpoint pen. Wireless model – batch 42.,454
Laptop Stand Advanced,Accessories,Adjustable ergonomic laptop stand. Advanced model – batch 43.,96
24 Inch Monitor Pro,Electronics,Full HD monitor for work and gaming. Pro model – batch 44.,427
Laptop Backpack Wireless,Accessories,Durable backpack for up to 15-inch laptops. Wireless model – batch 45.,131
Bluetooth Headphones Pro,Electronics,Wireless headphones with noise cancellation. Pro model – batch 46.,285
USB Flash Drive 64GB Plus,Electronics,USB 3.0 flash drive with 64GB capacity. Plus model – batch 47.,374
Full HD Webcam Pro,Electronics,1080p webcam for video conferencing. Pro model – batch 48.,375
Python Book Plus,Book,Learn Python from beginner to advanced. Plus model – batch 49.,9
Laptop i5 Advanced,Electronics,Laptop with Intel i5 processor and SSD. Advanced model – batch 50.,285
Multifunction Printer Premium,Electronics,Printer with scanner and copier. Premium model – batch 51.,181
USB Mouse Standard,Electronics,Wired USB mouse with high precision. Standard model – batch 52.,282
Bluetooth Headphones Wireless,Electronics,Wireless headphones with noise cancellation. Wireless model – batch 53.,253
Mechanical Keyboard Standard,Electronics,Mechanical keyboard with blue switches. Standard model – batch 54.,364
Bluetooth Headphones USB-C,Electronics,Wireless headphones with noise cancellation. USB-C model – batch 55.,188
Clean Code Book Pro,Book,Best practices for clean and maintainable code. Pro model – batch 56.,75
ATX Power Supply 600W Advanced,Electronics,600W certified power supply. Advanced model – batch 57.,23
24 Inch Monitor Plus,Electronics,Full HD monitor for work and gaming. Plus model – batch 58.,43
Python Book USB-C,Book,Learn Python from beginner to advanced. USB-C model – batch 59.,410
Laptop Stand Standard,Accessories,Adjustable ergonomic laptop stand. Standard model – batch 60.,448
Clean Code Book Compact,Book,Best practices for clean and maintainable code. Compact model – batch 61.,369
Gaming Mousepad Standard,Accessories,Large mousepad with non-slip base. Standard model – batch 62.,416
Full HD Webcam Plus,Electronics,1080p webcam for video conferencing. Plus model – batch 63.,288
Bluetooth Headphones Compact,Electronics,Wireless headphones with noise cancellation. Compact model – batch 64.,80
Algorithms Book Premium,Book,Introduction to algorithms and programming logic. Premium model – batch 65.,204
ATX Power Supply 600W Plus,Electronics,600W certified power supply. Plus model – batch 66.,418
Django Book Plus,Book,Web development with Django. Plus model – batch 67.,254
ATX Power Supply 600W Compact,Electronics,600W certified power supply. Compact model – batch 68.,371
Mechanical Keyboard Pro,Electronics,Mechanical keyboard with blue switches. Pro model – batch 69.,220
External Hard Drive 1TB Compact,Electronics,Portable 1TB external storage. Compact model – batch 70.,107
Laptop i5 Advanced,Electronics,Laptop with Intel i5 processor and SSD. Advanced model – batch 71.,391
Mechanical Keyboard Pro,Electronics,Mechanical keyboard with blue switches. Pro model – batch 72.,285
External Hard Drive 1TB Premium,Electronics,Portable 1TB external storage. Premium model – batch 73.,231
Multifunction Printer Standard,Electronics,Printer with scanner and copier. Standard model – batch 74.,397
Laptop Backpack Standard,Accessories,Durable backpack for up to 15-inch laptops. Standard model – batch 75.,217
Clean Code Book Premium,Book,Best practices for clean and maintainable code. Premium model – batch 76.,417
Gaming Mousepad Wireless,Accessories,Large mousepad with non-slip base. Wireless model – batch 77.,492
University Notebook Compact,Stationery,Notebook with 200 pages. Compact model – batch 78.,247
Django Book Wireless,Book,Web development with Django. Wireless model – batch 79.,58
Laptop Stand Premium,Accessories,Adjustable ergonomic laptop stand. Premium model – batch 80.,354
Full HD Webcam Plus,Electronics,1080p webcam for video conferencing. Plus model – batch 81.,406
Django Book Wireless,Book,Web development with Django. Wireless model – batch 82.,5
Django Book Advanced,Book,Web development with Django. Advanced model – batch 83.,440
Clean Code Book Advanced,Book,Best practices for clean and maintainable code. Advanced model – batch 84.,264
Laptop i5 Standard,Electronics,Laptop with Intel i5 processor and SSD. Standard model – batch 85.,77
Bluetooth Headphones Wireless,Electronics,Wireless headphones with noise cancellation. Wireless model – batch 86.,480
Laptop i5 Premium,Electronics,Laptop with Intel i5 processor and SSD. Premium model – batch 87.,246
USB Mouse Advanced,Electronics,Wired USB mouse with high precision. Advanced model – batch 88.,477
Clean Code Book USB-C,Book,Best practices for clean and maintainable code. USB-C model – batch 89.,222
Laptop Backpack Wireless,Accessories,Durable backpack for up to 15-inch laptops. Wireless model – batch 90.,15
Python Book Advanced,Book,Learn Python from beginner to advanced. Advanced model – batch 91.,362
Gaming Mousepad Advanced,Accessories,Large mousepad with non-slip base. Advanced model – batch 92.,380
Algorithms Book USB-C,Book,Introduction to algorithms and programming logic. USB-C model – batch 93.,122
Gaming Mousepad Advanced,Accessories,Large mousepad with non-slip base. Advanced model – batch 94.,480
Python Book USB-C,Book,Learn Python from beginner to advanced. USB-C model – batch 95.,452
Blue Pen USB-C,Stationery,Blue ballpoint pen. USB-C model – batch 96.,264
Mechanical Keyboard USB-C,Electronics,Mechanical keyboard with blue switches. USB-C model – batch 97.,456
External Hard Drive 1TB Compact,Electronics,Portable 1TB external storage. Compact model – batch 98.,426
Mechanical Keyboard Compact,Electronics,Mechanical keyboard with blue switches. Compact model – batch 99.,229
Algorithms Book Standard,Book,Introduction to algorithms and programming logic. Standard model – batch 100.,377
External Hard Drive 1TB Wireless,Electronics,Portable 1TB external storage. Wireless model – batch 101.,144
USB Mouse Advanced,Electronics,Wired USB mouse with high precision. Advanced model – batch 102.,372
Laptop i5 USB-C,Electronics,Laptop with Intel i5 processor and SSD. USB-C model – batch 103.,384
Laptop Stand Wireless,Accessories,Adjustable ergonomic laptop stand. Wireless model – batch 104.,380
Python Book Wireless,Book,Learn Python from beginner to advanced. Wireless model – batch 105.,267
Laptop i5 Pro,Electronics,Laptop with Intel i5 processor and SSD. Pro model – batch 106.,142
Laptop Stand Plus,Accessories,Adjustable ergonomic laptop stand. Plus model – batch 107.,178
Python Book Premium,Book,Learn Python from beginner to advanced. Premium model – batch 108.,339
ATX Power Supply 600W Premium,Electronics,600W certified power supply. Premium model – batch 109.,344
Gaming Mousepad Plus,Accessories,Large mousepad with non-slip base. Plus model – batch 110.,82
Django Book Advanced,Book,Web development with Django. Advanced model – batch 111.,217
Laptop Stand Standard,Accessories,Adjustable ergonomic laptop stand. Standard model – batch 112.,20
Laptop i5 Plus,Electronics,Laptop with Intel i5 processor and SSD. Plus model – batch 113.,112
Gaming Mousepad Pro,Accessories,Large mousepad with non-slip base. Pro model – batch 114.,69
Laptop Stand Pro,Accessories,Adjustable ergonomic laptop stand. Pro model – batch 115.,229
USB Mouse Wireless,Electronics,Wired USB mouse with high precision. Wireless model – batch 116.,213
External Hard Drive 1TB USB-C,Electronics,Portable 1TB external storage. USB-C model – batch 117.,231
Multifunction Printer Pro,Electronics,Printer with scanner and copier. Pro model – batch 118.,489
24 Inch Monitor Premium,Electronics,Full HD monitor for work and gaming. Premium model – batch 119.,331
University Notebook Compact,Stationery,Notebook with 200 pages. Compact model – batch 120.,253
Laptop Backpack Premium,Accessories,Durable backpack for up to 15-inch laptops. Premium model – batch 121.,87
Blue Pen Standard,Stationery,Blue ballpoint pen. Standard model – batch 122.,370
Multifunction Printer Wireless,Electronics,Printer with scanner and copier. Wireless model – batch 123.,370
HDMI Cable Standard,Accessories,High-speed HDMI 2.0 cable. Standard model – batch 124.,336
24 Inch Monitor Compact,Electronics,Full HD monitor for work and gaming. Compact model – batch 125.,403
Python Book USB-C,Book,Learn Python from beginner to advanced. USB-C model – batch 126.,133
Clean Code Book Advanced,Book,Best practices for clean and maintainable code. Advanced model – batch 127.,175
Mechanical Keyboard Advanced,Electronics,Mechanical keyboard with blue switches. Advanced model – batch 128.,487
Full HD Webcam Plus,Electronics,1080p webcam for video conferencing. Plus model – batch 129.,258
University Notebook Pro,Stationery,Notebook with 200 pages. Pro model – batch 130.,350
Clean Code Book USB-C,Book,Best practices for clean and maintainable code. USB-C model – batch 131.,467
Blue Pen Wireless,Stationery,Blue ballpoint pen. Wireless model – batch 132.,371
USB Mouse Advanced,Electronics,Wired USB mouse with high precision. Advanced model – batch 133.,80
USB Mouse Wireless,Electronics,Wired USB mouse with high precision. Wireless model – batch 134.,253
Algorithms Book USB-C,Book,Introduction to algorithms and programming logic. USB-C model – batch 135.,390
Mechanical Keyboard USB-C,Electronics,Mechanical keyboard with blue switches. USB-C model – batch 136.,330
Blue Pen Wireless,Stationery,Blue ballpoint pen. Wireless model – batch 137.,329
Laptop i5 Premium,Electronics,Laptop with Intel i5 processor and SSD. Premium model – batch 138.,226
24 Inch Monitor Compact,Electronics,Full HD monitor for work and gaming. Compact model – batch 139.,465
Full HD Webcam Advanced,Electronics,1080p webcam for video conferencing. Advanced model – batch 140.,169
Algorithms Book Pro,Book,Introduction to algorithms and programming logic. Pro model – batch 141.,71
Mechanical Keyboard Wireless,Electronics,Mechanical keyboard with blue switches. Wireless model – batch 142.,28
Blue Pen Plus,Stationery,Blue ballpoint pen. Plus model – batch 143.,60
Bluetooth Headphones Wireless,Electronics,Wireless headphones with noise cancellation. Wireless model – batch 144.,68
Laptop Stand Compact,Accessories,Adjustable ergonomic laptop stand. Compact model – batch 145.,466
Bluetooth Headphones Premium,Electronics,Wireless headphones with noise cancellation. Premium model – batch 146.,364
Mechanical Keyboard USB-C,Electronics,Mechanical keyboard with blue switches. USB-C model – batch 147.,118
Multifunction Printer Standard,Electronics,Printer with scanner and copier. Standard model – batch 148.,243
Clean Code Book Plus,Book,Best practices for clean and maintainable code. Plus model – batch 149.,45
Mechanical Keyboard Pro,Electronics,Mechanical keyboard with blue switches. Pro model – batch 150.,224
University Notebook Compact,Stationery,Notebook with 200 pages. Compact model – batch 151.,258
24 Inch Monitor Compact,Electronics,Full HD monitor for work and gaming. Compact model – batch 152.,347
HDMI Cable Compact,Accessories,High-speed HDMI 2.0 cable. Compact model – batch 153.,201
HDMI Cable Pro,Accessories,High-speed HDMI 2.0 cable. Pro model – batch 154.,163
Django Book Wireless,Book,Web development with Django. Wireless model – batch 155.,123
HDMI Cable Pro,Accessories,High-speed HDMI 2.0 cable. Pro model – batch 156.,65
Gaming Mousepad Premium,Accessories,Large mousepad with non-slip base. Premium model – batch 157.,264
HDMI Cable USB-C,Accessories,High-speed HDMI 2.0 cable. USB-C model – batch 158.,430
ATX Power Supply 600W Standard,Electronics,600W certified power supply. Standard model – batch 159.,155
ATX Power Supply 600W Advanced,Electronics,600W certified power supply. Advanced model – batch 160.,257
HDMI Cable Standard,Accessories,High-speed HDMI 2.0 cable. Standard model – batch 161.,153
ATX Power Supply 600W Plus,Electronics,600W certified power supply. Plus model – batch 162.,306
Laptop Stand USB-C,Accessories,Adjustable ergonomic laptop stand. USB-C model – batch 163.,118
USB Mouse Pro,Electronics,Wired USB mouse with high precision. Pro model – batch 164.,355
Laptop Stand Compact,Accessories,Adjustable ergonomic laptop stand. Compact model – batch 165.,472
Laptop Stand Premium,Accessories,Adjustable ergonomic laptop stand. Premium model – batch 166.,403
Algorithms Book Plus,Book,Introduction to algorithms and programming logic. Plus model – batch 167.,250
Python Book Compact,Book,Learn Python from beginner to advanced. Compact model – batch 168.,65
USB Mouse Premium,Electronics,Wired USB mouse with high precision. Premium model – batch 169.,269
Blue Pen Advanced,Stationery,Blue ballpoint pen. Advanced model – batch 170.,251
Laptop i5 Premium,Electronics,Laptop with Intel i5 processor and SSD. Premium model – batch 171.,337
Algorithms Book Premium,Book,Introduction to algorithms and programming logic. Premium model – batch 172.,7
Django Book Compact,Book,Web development with Django. Compact model – batch 173.,13
Laptop i5 Pro,Electronics,Laptop with Intel i5 processor and SSD. Pro model – batch 174.,95
Laptop Backpack Compact,Accessories,Durable backpack for up to 15-inch laptops. Compact model – batch 175.,354
HDMI Cable USB-C,Accessories,High-speed HDMI 2.0 cable. USB-C model – batch 176.,98
Laptop Backpack Wireless,Accessories,Durable backpack for up to 15-inch laptops. Wireless model – batch 177.,137
ATX Power Supply 600W Wireless,Electronics,600W certified power supply. Wireless model – batch 178.,50
Algorithms Book Wireless,Book,Introduction to algorithms and programming logic. Wireless model – batch 179.,226
University Notebook USB-C,Stationery,Notebook with 200 pages. USB-C model – batch 180.,42
Laptop i5 Advanced,Electronics,Laptop with Intel i5 processor and SSD. Advanced model – batch 181.,349
Blue Pen Pro,Stationery,Blue ballpoint pen. Pro model – batch 182.,222
24 Inch Monitor Compact,Electronics,Full HD monitor for work and gaming. Compact model – batch 183.,411
Full HD Webcam Advanced,Electronics,1080p webcam for video conferencing. Advanced model – batch 184.,447
Bluetooth Headphones Standard,Electronics,Wireless headphones with noise cancellation. Standard model – batch 185.,26
Python Book Pro,Book,Learn Python from beginner to advanced. Pro model – batch 186.,7
Clean Code Book Premium,Book,Best practices for clean and maintainable code. Premium model – batch 187.,476
Laptop Backpack Advanced,Accessories,Durable backpack for up to 15-inch laptops. Advanced model – batch 188.,467
Blue Pen Advanced,Stationery,Blue ballpoint pen. Advanced model – batch 189.,255
Laptop Backpack Plus,Accessories,Durable backpack for up to 15-inch laptops. Plus model – batch 190.,431
Laptop i5 USB-C,Electronics,Laptop with Intel i5 processor and SSD. USB-C model – batch 191.,136
Clean Code Book Wireless,Book,Best practices for clean and maintainable code. Wireless model – batch 192.,194
External Hard Drive 1TB Pro,Electronics,Portable 1TB external storage. Pro model – batch 193.,108
Blue Pen Wireless,Stationery,Blue ballpoint pen. Wireless model – batch 194.,266
Laptop i5 Wireless,Electronics,Laptop with Intel i5 processor and SSD. Wireless model – batch 195.,314
HDMI Cable USB-C,Accessories,High-speed HDMI 2.0 cable. USB-C model – batch 196.,322
Blue Pen Advanced,Stationery,Blue ballpoint pen. Advanced model – batch 197.,71
Full HD Webcam Wireless,Electronics,1080p webcam for video conferencing. Wireless model – batch 198.,124
Algorithms Book Advanced,Book,Introduction to algorithms and programming logic. Advanced model – batch 199.,317
External Hard Drive 1TB Wireless,Electronics,Portable 1TB external storage. Wireless model – batch 200.,480
Gaming Mousepad USB-C,Accessories,Large mousepad with non-slip base. USB-C model – batch 201.,262
Full HD Webcam Wireless,Electronics,1080p webcam for video conferencing. Wireless model – batch 202.,420
24 Inch Monitor Advanced,Electronics,Full HD monitor for work and gaming. Advanced model – batch 203.,122
Django Book Pro,Book,Web development with Django. Pro model – batch 204.,167
Bluetooth Headphones Compact,Electronics,Wireless headphones with noise cancellation. Compact model – batch 205.,158
Gaming Mousepad Standard,Accessories,Large mousepad with non-slip base. Standard model – batch 206.,443
Full HD Webcam Wireless,Electronics,1080p webcam for video conferencing. Wireless model – batch 207.,117
Django Book Premium,Book,Web development with Django. Premium model – batch 208.,149
External Hard Drive 1TB Wireless,Electronics,Portable 1TB external storage. Wireless model – batch 209.,294
USB Flash Drive 64GB Plus,Electronics,USB 3.0 flash drive with 64GB capacity. Plus model – batch 210.,401
Gaming Mousepad Compact,Accessories,Large mousepad with non-slip base. Compact model – batch 211.,222
ATX Power Supply 600W Pro,Electronics,600W certified power supply. Pro model – batch 212.,247
Laptop Stand Advanced,Accessories,Adjustable ergonomic laptop stand. Advanced model – batch 213.,19
Django Book Standard,Book,Web development with Django. Standard model – batch 214.,23
Django Book Premium,Book,Web development with Django. Premium model – batch 215.,328
Laptop Backpack USB-C,Accessories,Durable backpack for up to 15-inch laptops. USB-C model – batch 216.,302
University Notebook Compact,Stationery,Notebook with 200 pages. Compact model – batch 217.,416
Full HD Webcam Premium,Electronics,1080p webcam for video conferencing. Premium model – batch 218.,227
ATX Power Supply 600W Compact,Electronics,600W certified power supply. Compact model – batch 219.,273
24 Inch Monitor Premium,Electronics,Full HD monitor for work and gaming. Premium model – batch 220.,307
External Hard Drive 1TB Standard,Electronics,Portable 1TB external storage. Standard model – batch 221.,409
HDMI Cable Wireless,Accessories,High-speed HDMI 2.0 cable. Wireless model – batch 222.,421
Full HD Webcam Advanced,Electronics,1080p webcam for video conferencing. Advanced model – batch 223.,481
HDMI Cable Wireless,Accessories,High-speed HDMI 2.0 cable. Wireless model – batch 224.,472
USB Flash Drive 64GB Plus,Electronics,USB 3.0 flash drive with 64GB capacity. Plus model – batch 225.,202
Laptop Backpack Plus,Accessories,Durable backpack for up to 15-inch laptops. Plus model – batch 226.,181
USB Flash Drive 64GB Premium,Electronics,USB 3.0 flash drive with 64GB capacity. Premium model – batch 227.,51
Laptop Backpack Advanced,Accessories,Durable backpack for up to 15-inch laptops. Advanced model – batch 228.,443
Bluetooth Headphones Wireless,Electronics,Wireless headphones with noise cancellation. Wireless model – batch 229.,164
Gaming Mousepad Wireless,Accessories,Large mousepad with non-slip base. Wireless model – batch 230.,376
Laptop i5 Advanced,Electronics,Laptop with Intel i5 processor and SSD. Advanced model – batch 231.,253
Clean Code Book Plus,Book,Best practices for clean and maintainable code. Plus model – batch 232.,31
Multifunction Printer Plus,Electronics,Printer with scanner and copier. Plus model – batch 233.,188
Laptop Backpack Advanced,Accessories,Durable backpack for up to 15-inch laptops. Advanced model – batch 234.,492
External Hard Drive 1TB Plus,Electronics,Portable 1TB external storage. Plus model – batch 235.,42
Algorithms Book Advanced,Book,Introduction to algorithms and programming logic. Advanced model – batch 236.,450
Python Book Pro,Book,Learn Python from beginner to advanced. Pro model – batch 237.,289
24 Inch Monitor Standard,Electronics,Full HD monitor for work and gaming. Standard model – batch 238.,98
External Hard Drive 1TB Advanced,Electronics,Portable 1TB external storage. Advanced model – batch 239.,35
Mechanical Keyboard Compact,Electronics,Mechanical keyboard with blue switches. Compact model – batch 240.,103
Multifunction Printer Advanced,Electronics,Printer with scanner and copier. Advanced model – batch 241.,477
Clean Code Book Plus,Book,Best practices for clean and maintainable code. Plus model – batch 242.,439
24 Inch Monitor Compact,Electronics,Full HD monitor for work and gaming. Compact model – batch 243.,330
Algorithms Book Standard,Book,Introduction to algorithms and programming logic. Standard model – batch 244.,321
Gaming Mousepad Wireless,Accessories,Large mousepad with non-slip base. Wireless model – batch 245.,116
24 Inch Monitor USB-C,Electronics,Full HD monitor for work and gaming. USB-C model – batch 246.,78
Laptop i5 Compact,Electronics,Laptop with Intel i5 processor and SSD. Compact model – batch 247.,396
Blue Pen Compact,Stationery,Blue ballpoint pen. Compact model – batch 248.,398
Algorithms Book Advanced,Book,Introduction to algorithms and programming logic. Advanced model – batch 249.,491
Laptop Stand Premium,Accessories,Adjustable ergonomic laptop stand. Premium model – batch 250.,308
Django Book Premium,Book,Web development with Django. Premium model – batch 251.,294
Algorithms Book Premium,Book,Introduction to algorithms and programming logic. Premium model – batch 252.,404
Bluetooth Headphones Wireless,Electronics,Wireless headphones with noise cancellation. Wireless model – batch 253.,257
External Hard Drive 1TB Compact,Electronics,Portable 1TB external storage. Compact model – batch 254.,70
ATX Power Supply 600W Standard,Electronics,600W certified power supply. Standard model – batch 255.,292
24 Inch Monitor USB-C,Electronics,Full HD monitor for work and gaming. USB-C model – batch 256.,380
Python Book USB-C,Book,Learn Python from beginner to advanced. USB-C model – batch 257.,132
University Notebook Wireless,Stationery,Notebook with 200 pages. Wireless model – batch 258.,191
ATX Power Supply 600W Compact,Electronics,600W certified power supply. Compact model – batch 259.,365
External Hard Drive 1TB Standard,Electronics,Portable 1TB external storage. Standard model – batch 260.,459
Django Book Advanced,Book,Web development with Django. Advanced model – batch 261.,152
University Notebook Pro,Stationery,Notebook with 200 pages. Pro model – batch 262.,413
Mechanical Keyboard Wireless,Electronics,Mechanical keyboard with blue switches. Wireless model – batch 263.,444
Python Book USB-C,Book,Learn Python from beginner to advanced. USB-C model – batch 264.,329
External Hard Drive 1TB Compact,Electronics,Portable 1TB external storage. Compact model – batch 265.,118
Laptop i5 USB-C,Electronics,Laptop with Intel i5 processor and SSD. USB-C model – batch 266.,118
HDMI Cable Advanced,Accessories,High-speed HDMI 2.0 cable. Advanced model – batch 267.,59
Bluetooth Headphones Wireless,Electronics,Wireless headphones with noise cancellation. Wireless model – batch 268.,202
Clean Code Book Pro,Book,Best practices for clean and maintainable code. Pro model – batch 269.,70
Multifunction Printer Premium,Electronics,Printer with scanner and copier. Premium model – batch 270.,217
Python Book Compact,Book,Learn Python from beginner to advanced. Compact model – batch 271.,319
University Notebook Pro,Stationery,Notebook with 200 pages. Pro model – batch 272.,24
USB Mouse Advanced,Electronics,Wired USB mouse with high precision. Advanced model – batch 273.,384
24 Inch Monitor USB-C,Electronics,Full HD monitor for work and gaming. USB-C model – batch 274.,488
Laptop i5 Compact,Electronics,Laptop with Intel i5 processor and SSD. Compact model – batch 275.,215
HDMI Cable Standard,Accessories,High-speed HDMI 2.0 cable. Standard model – batch 276.,484
Laptop i5 Advanced,Electronics,Laptop with Intel i5 processor and SSD. Advanced model – batch 277.,93
ATX Power Supply 600W Compact,Electronics,600W certified power supply. Compact model – batch 278.,186
Multifunction Printer USB-C,Electronics,Printer with scanner and copier. USB-C model – batch 279.,38
External Hard Drive 1TB Pro,Electronics,Portable 1TB external storage. Pro model – batch 280.,351
Python Book Advanced,Book,Learn Python from beginner to advanced. Advanced model – batch 281.,274
Blue Pen Standard,Stationery,Blue ballpoint pen. Standard model – batch 282.,310
Laptop Backpack Advanced,Accessories,Durable backpack for up to 15-inch laptops. Advanced model – batch 283.,358
HDMI Cable Plus,Accessories,High-speed HDMI 2.0 cable. Plus model – batch 284.,75
Laptop i5 Premium,Electronics,Laptop with Intel i5 processor and SSD. Premium model – batch 285.,7
Gaming Mousepad Plus,Accessories,Large mousepad with non-slip base. Plus model – batch 286.,221
USB Mouse Wireless,Electronics,Wired USB mouse with high precision. Wireless model – batch 287.,430
University Notebook Plus,Stationery,Notebook with 200 pages. Plus model – batch 288.,31
Django Book Standard,Book,Web development with Django. Standard model – batch 289.,480
Django Book Compact,Book,Web development with Django. Compact model – batch 290.,129
Laptop Stand Plus,Accessories,Adjustable ergonomic laptop stand. Plus model – batch 291.,163
Blue Pen USB-C,Stationery,Blue ballpoint pen. USB-C model – batch 292.,187
Clean Code Book Wireless,Book,Best practices for clean and maintainable code. Wireless model – batch 293.,275
Blue Pen Plus,Stationery,Blue ballpoint pen. Plus model – batch 294.,500
Gaming Mousepad Pro,Accessories,Large mousepad with non-slip base. Pro model – batch 295.,323
Clean Code Book Pro,Book,Best practices for clean and maintainable code. Pro model – batch 296.,438
Laptop i5 Plus,Electronics,Laptop with Intel i5 processor and SSD. Plus model – batch 297.,7
Django Book Advanced,Book,Web development with Django. Advanced model – batch 298.,38
External Hard Drive 1TB Standard,Electronics,Portable 1TB external storage. Standard model – batch 299.,209
Multifunction Printer Wireless,Electronics,Printer with scanner and copier. Wireless model – batch 300.,279
External Hard Drive 1TB Premium,Electronics,Portable 1TB external storage. Premium model – batch 301.,393
24 Inch Monitor USB-C,Electronics,Full HD monitor for work and gaming. USB-C model – batch 302.,384
Django Book Compact,Book,Web development with Django. Compact model – batch 303.,166
USB Mouse Advanced,Electronics,Wired USB mouse with high precision. Advanced model – batch 304.,227
USB Mouse Standard,Electronics,Wired USB mouse with high precision. Standard model – batch 305.,131
ATX Power Supply 600W Advanced,Electronics,600W certified power supply. Advanced model – batch 306.,220
USB Mouse Plus,Electronics,Wired USB mouse with high precision. Plus model – batch 307.,265
Mechanical Keyboard Plus,Electronics,Mechanical keyboard with blue switches. Plus model – batch 308.,497
University Notebook Compact,Stationery,Notebook with 200 pages. Compact model – batch 309.,360
Django Book Compact,Book,Web development with Django. Compact model – batch 310.,322
External Hard Drive 1TB USB-C,Electronics,Portable 1TB external storage. USB-C model – batch 311.,439
Multifunction Printer Pro,Electronics,Printer with scanner and copier. Pro model – batch 312.,391
Laptop i5 Premium,Electronics,Laptop with Intel i5 processor and SSD. Premium model – batch 313.,497
Algorithms Book USB-C,Book,Introduction to algorithms and programming logic. USB-C model – batch 314.,417
Blue Pen Premium,Stationery,Blue ballpoint pen. Premium model – batch 315.,421
HDMI Cable Standard,Accessories,High-speed HDMI 2.0 cable. Standard model – batch 316.,324
Laptop i5 Compact,Electronics,Laptop with Intel i5 processor and SSD. Compact model – batch 317.,180
USB Mouse Plus,Electronics,Wired USB mouse with high precision. Plus model – batch 318.,302
USB Mouse Pro,Electronics,Wired USB mouse with high precision. Pro model – batch 319.,408
HDMI Cable Wireless,Accessories,High-speed HDMI 2.0 cable. Wireless model – batch 320.,149
Python Book Premium,Book,Learn Python from beginner to advanced. Premium model – batch 321.,221
University Notebook Wireless,Stationery,Notebook with 200 pages. Wireless model – batch 322.,188
Laptop Backpack Standard,Accessories,Durable backpack for up to 15-inch laptops. Standard model – batch 323.,257
Bluetooth Headphones Wireless,Electronics,Wireless headphones with noise cancellation. Wireless model – batch 324.,434
Algorithms Book Wireless,Book,Introduction to algorithms and programming logic. Wireless model – batch 325.,448
Clean Code Book Pro,Book,Best practices for clean and maintainable code. Pro model – batch 326.,428
Laptop Backpack Plus,Accessories,Durable backpack for up to 15-inch laptops. Plus model – batch 327.,416
ATX Power Supply 600W Premium,Electronics,600W certified power supply. Premium model – batch 328.,407
Blue Pen Compact,Stationery,Blue ballpoint pen. Compact model – batch 329.,169
Blue Pen Wireless,Stationery,Blue ballpoint pen. Wireless model – batch 330.,490
Django Book Wireless,Book,Web development with Django. Wireless model – batch 331.,209
Django Book Standard,Book,Web development with Django. Standard model – batch 332.,250
24 Inch Monitor Standard,Electronics,Full HD monitor for work and gaming. Standard model – batch 333.,360
Python Book Wireless,Book,Learn Python from beginner to advanced. Wireless model – batch 334.,279
Multifunction Printer Standard,Electronics,Printer with scanner and copier. Standard model – batch 335.,34
External Hard Drive 1TB Plus,Electronics,Portable 1TB external storage. Plus model – batch 336.,404
Bluetooth Headphones Pro,Electronics,Wireless headphones with noise cancellation. Pro model – batch 337.,128
24 Inch Monitor Premium,Electronics,Full HD monitor for work and gaming. Premium model – batch 338.,478
USB Flash Drive 64GB Plus,Electronics,USB 3.0 flash drive with 64GB capacity. Plus model – batch 339.,345
ATX Power Supply 600W Pro,Electronics,600W certified power supply. Pro model – batch 340.,308
Blue Pen USB-C,Stationery,Blue ballpoint pen. USB-C model – batch 341.,214
Full HD Webcam USB-C,Electronics,1080p webcam for video conferencing. USB-C model – batch 342.,336
Bluetooth Headphones Advanced,Electronics,Wireless headphones with noise cancellation. Advanced model – batch 343.,472
Laptop Backpack Premium,Accessories,Durable backpack for up to 15-inch laptops. Premium model – batch 344.,302
HDMI Cable Plus,Accessories,High-speed HDMI 2.0 cable. Plus model – batch 345.,373
Python Book Compact,Book,Learn Python from beginner to advanced. Compact model – batch 346.,472
USB Flash Drive 64GB Wireless,Electronics,USB 3.0 flash drive with 64GB capacity. Wireless model – batch 347.,272
Gaming Mousepad Premium,Accessories,Large mousepad with non-slip base. Premium model – batch 348.,474
University Notebook Wireless,Stationery,Notebook with 200 pages. Wireless model – batch 349.,123
ATX Power Supply 600W Compact,Electronics,600W certified power supply. Compact model – batch 350.,204
Bluetooth Headphones Wireless,Electronics,Wireless headphones with noise cancellation. Wireless model – batch 351.,229
Python Book Pro,Book,Learn Python from beginner to advanced. Pro model – batch 352.,335
Multifunction Printer Compact,Electronics,Printer with scanner and copier. Compact model – batch 353.,63
Python Book USB-C,Book,Learn Python from beginner to advanced. USB-C model – batch 354.,282
External Hard Drive 1TB USB-C,Electronics,Portable 1TB external storage. USB-C model – batch 355.,411
HDMI Cable Plus,Accessories,High-speed HDMI 2.0 cable. Plus model – batch 356.,36
Python Book Plus,Book,Learn Python from beginner to advanced. Plus model – batch 357.,356
ATX Power Supply 600W Plus,Electronics,600W certified power supply. Plus model – batch 358.,472
External Hard Drive 1TB Wireless,Electronics,Portable 1TB external storage. Wireless model – batch 359.,449
Blue Pen Pro,Stationery,Blue ballpoint pen. Pro model – batch 360.,246
Blue Pen Advanced,Stationery,Blue ballpoint pen. Advanced model – batch 361.,259
Algorithms Book Compact,Book,Introduction to algorithms and programming logic. Compact model – batch 362.,327
Laptop i5 Compact,Electronics,Laptop with Intel i5 processor and SSD. Compact model – batch 363.,382
Laptop Backpack Wireless,Accessories,Durable backpack for up to 15-inch laptops. Wireless model – batch 364.,419
24 Inch Monitor Premium,Electronics,Full HD monitor for work and gaming. Premium model – batch 365.,100
HDMI Cable Wireless,Accessories,High-speed HDMI 2.0 cable. Wireless model – batch 366.,193
Laptop Stand Pro,Accessories,Adjustable ergonomic laptop stand. Pro model – batch 367.,68
Blue Pen Advanced,Stationery,Blue ballpoint pen. Advanced model – batch 368.,219
Mechanical Keyboard Pro,Electronics,Mechanical keyboard with blue switches. Pro model – batch 369.,11
Mechanical Keyboard Pro,Electronics,Mechanical keyboard with blue switches. Pro model – batch 370.,36
USB Flash Drive 64GB Wireless,Electronics,USB 3.0 flash drive with 64GB capacity. Wireless model – batch 371.,316
Mechanical Keyboard Pro,Electronics,Mechanical keyboard with blue switches. Pro model – batch 372.,301
Multifunction Printer Wireless,Electronics,Printer with scanner and copier. Wireless model – batch 373.,110
HDMI Cable USB-C,Accessories,High-speed HDMI 2.0 cable. USB-C model – batch 374.,143
Algorithms Book Pro,Book,Introduction to algorithms and programming logic. Pro model – batch 375.,94
Python Book Plus,Book,Learn Python from beginner to advanced. Plus model – batch 376.,134
External Hard Drive 1TB Compact,Electronics,Portable 1TB external storage. Compact model – batch 377.,197
Blue Pen Pro,Stationery,Blue ballpoint pen. Pro model – batch 378.,143
Laptop Stand Compact,Accessories,Adjustable ergonomic laptop stand. Compact model – batch 379.,299
University Notebook Wireless,Stationery,Notebook with 200 pages. Wireless model – batch 380.,311
Bluetooth Headphones Pro,Electronics,Wireless headphones with noise cancellation. Pro model – batch 381.,299
24 Inch Monitor Plus,Electronics,Full HD monitor for work and gaming. Plus model – batch 382.,428
Laptop Backpack Advanced,Accessories,Durable backpack for up to 15-inch laptops. Advanced model – batch 383.,363
Multifunction Printer Advanced,Electronics,Printer with scanner and copier. Advanced model – batch 384.,24
Laptop i5 USB-C,Electronics,Laptop with Intel i5 processor and SSD. USB-C model – batch 385.,382
ATX Power Supply 600W Premium,Electronics,600W certified power supply. Premium model – batch 386.,131
Laptop i5 Plus,Electronics,Laptop with Intel i5 processor and SSD. Plus model – batch 387.,400
Laptop Stand Premium,Accessories,Adjustable ergonomic laptop stand. Premium model – batch 388.,168
24 Inch Monitor USB-C,Electronics,Full HD monitor for work and gaming. USB-C model – batch 389.,193
Laptop i5 Premium,Electronics,Laptop with Intel i5 processor and SSD. Premium model – batch 390.,462
USB Mouse USB-C,Electronics,Wired USB mouse with high precision. USB-C model – batch 391.,180
Blue Pen Standard,Stationery,Blue ballpoint pen. Standard model – batch 392.,99
Python Book Premium,Book,Learn Python from beginner to advanced. Premium model – batch 393.,444
Mechanical Keyboard Compact,Electronics,Mechanical keyboard with blue switches. Compact model – batch 394.,195
External Hard Drive 1TB Standard,Electronics,Portable 1TB external storage. Standard model – batch 395.,476
External Hard Drive 1TB Pro,Electronics,Portable 1TB external storage. Pro model – batch 396.,414
Python Book Standard,Book,Learn Python from beginner to advanced. Standard model – batch 397.,363
Mechanical Keyboard Premium,Electronics,Mechanical keyboard with blue switches. Premium model – batch 398.,148
Laptop Stand Premium,Accessories,Adjustable ergonomic laptop stand. Premium model – batch 399.,181
External Hard Drive 1TB Standard,Electronics,Portable 1TB external storage. Standard model – batch 400.,210
HDMI Cable Compact,Accessories,High-speed HDMI 2.0 cable. Compact model – batch 401.,390
University Notebook Compact,Stationery,Notebook with 200 pages. Compact model – batch 402.,14
Gaming Mousepad USB-C,Accessories,Large mousepad with non-slip base. USB-C model – batch 403.,8
Blue Pen Standard,Stationery,Blue ballpoint pen. Standard model – batch 404.,475
Laptop i5 Compact,Electronics,Laptop with Intel i5 processor and SSD. Compact model – batch 405.,182
24 Inch Monitor Premium,Electronics,Full HD monitor for work and gaming. Premium model – batch 406.,363
Bluetooth Headphones Premium,Electronics,Wireless headphones with noise cancellation. Premium model – batch 407.,412
Gaming Mousepad Wireless,Accessories,Large mousepad with non-slip base. Wireless model – batch 408.,345
USB Flash Drive 64GB USB-C,Electronics,USB 3.0 flash drive with 64GB capacity. USB-C model – batch 409.,210
Gaming Mousepad Compact,Accessories,Large mousepad with non-slip base. Compact model – batch 410.,314
24 Inch Monitor USB-C,Electronics,Full HD monitor for work and gaming. USB-C model – batch 411.,21
Bluetooth Headphones Advanced,Electronics,Wireless headphones with noise cancellation. Advanced model – batch 412.,190
Mechanical Keyboard Premium,Electronics,Mechanical keyboard with blue switches. Premium model – batch 413.,478
University Notebook Wireless,Stationery,Notebook with 200 pages. Wireless model – batch 414.,5
Bluetooth Headphones Pro,Electronics,Wireless headphones with noise cancellation. Pro model – batch 415.,94
Gaming Mousepad Plus,Accessories,Large mousepad with non-slip base. Plus model – batch 416.,346
24 Inch Monitor Pro,Electronics,Full HD monitor for work and gaming. Pro model – batch 417.,353
Python Book Plus,Book,Learn Python from beginner to advanced. Plus model – batch 418.,15
Python Book USB-C,Book,Learn Python from beginner to advanced. USB-C model – batch 419.,434
Multifunction Printer USB-C,Electronics,Printer with scanner and copier. USB-C model – batch 420.,250
HDMI Cable Pro,Accessories,High-speed HDMI 2.0 cable. Pro model – batch 421.,150
24 Inch Monitor Compact,Electronics,Full HD monitor for work and gaming. Compact model – batch 422.,171
Algorithms Book USB-C,Book,Introduction to algorithms and programming logic. USB-C model – batch 423.,193
Multifunction Printer Compact,Electronics,Printer with scanner and copier. Compact model – batch 424.,64
Laptop Backpack Plus,Accessories,Durable backpack for up to 15-inch laptops. Plus model – batch 425.,268
Full HD Webcam Plus,Electronics,1080p webcam for video conferencing. Plus model – batch 426.,54
Laptop Stand Plus,Accessories,Adjustable ergonomic laptop stand. Plus model – batch 427.,414
University Notebook Standard,Stationery,Notebook with 200 pages. Standard model – batch 428.,45
Clean Code Book Plus,Book,Best practices for clean and maintainable code. Plus model – batch 429.,474
HDMI Cable USB-C,Accessories,High-speed HDMI 2.0 cable. USB-C model – batch 430.,399
USB Mouse Advanced,Electronics,Wired USB mouse with high precision. Advanced model – batch 431.,265
HDMI Cable USB-C,Accessories,High-speed HDMI 2.0 cable. USB-C model – batch 432.,296
Laptop i5 Premium,Electronics,Laptop with Intel i5 processor and SSD. Premium model – batch 433.,130
USB Mouse USB-C,Electronics,Wired USB mouse with high precision. USB-C model – batch 434.,482
Python Book Plus,Book,Learn Python from beginner to advanced. Plus model – batch 435.,204
USB Mouse Compact,Electronics,Wired USB mouse with high precision. Compact model – batch 436.,152
Full HD Webcam Advanced,Electronics,1080p webcam for video conferencing. Advanced model – batch 437.,337
Laptop Stand Pro,Accessories,Adjustable ergonomic laptop stand. Pro model – batch 438.,483
Laptop Backpack Compact,Accessories,Durable backpack for up to 15-inch laptops. Compact model – batch 439.,341
USB Flash Drive 64GB Premium,Electronics,USB 3.0 flash drive with 64GB capacity. Premium model – batch 440.,215
Laptop Backpack Standard,Accessories,Durable backpack for up to 15-inch laptops. Standard model – batch 441.,433
Clean Code Book Wireless,Book,Best practices for clean and maintainable code. Wireless model – batch 442.,177
ATX Power Supply 600W Standard,Electronics,600W certified power supply. Standard model – batch 443.,104
HDMI Cable Advanced,Accessories,High-speed HDMI 2.0 cable. Advanced model – batch 444.,494
ATX Power Supply 600W Compact,Electronics,600W certified power supply. Compact model – batch 445.,191
External Hard Drive 1TB USB-C,Electronics,Portable 1TB external storage. USB-C model – batch 446.,102
Python Book Wireless,Book,Learn Python from beginner to advanced. Wireless model – batch 447.,469
Laptop Stand Wireless,Accessories,Adjustable ergonomic laptop stand. Wireless model – batch 448.,261
Gaming Mousepad Wireless,Accessories,Large mousepad with non-slip base. Wireless model – batch 449.,431
Laptop i5 Standard,Electronics,Laptop with Intel i5 processor and SSD. Standard model – batch 450.,146
Mechanical Keyboard Plus,Electronics,Mechanical keyboard with blue switches. Plus model – batch 451.,47
University Notebook Plus,Stationery,Notebook with 200 pages. Plus model – batch 452.,420
University Notebook Wireless,Stationery,Notebook with 200 pages. Wireless model – batch 453.,348
Blue Pen Premium,Stationery,Blue ballpoint pen. Premium model – batch 454.,121
Bluetooth Headphones Compact,Electronics,Wireless headphones with noise cancellation. Compact model – batch 455.,308
Django Book Pro,Book,Web development with Django. Pro model – batch 456.,443
Laptop Stand Advanced,Accessories,Adjustable ergonomic laptop stand. Advanced model – batch 457.,27
Gaming Mousepad Standard,Accessories,Large mousepad with non-slip base. Standard model – batch 458.,258
ATX Power Supply 600W Compact,Electronics,600W certified power supply. Compact model – batch 459.,229
Laptop Backpack Compact,Accessories,Durable backpack for up to 15-inch laptops. Compact model – batch 460.,43
Blue Pen Premium,Stationery,Blue ballpoint pen. Premium model – batch 461.,172
Full HD Webcam USB-C,Electronics,1080p webcam for video conferencing. USB-C model – batch 462.,218
Laptop i5 Standard,Electronics,Laptop with Intel i5 processor and SSD. Standard model – batch 463.,353
Django Book Advanced,Book,Web development with Django. Advanced model – batch 464.,175
24 Inch Monitor Pro,Electronics,Full HD monitor for work and gaming. Pro model – batch 465.,470
24 Inch Monitor Premium,Electronics,Full HD monitor for work and gaming. Premium model – batch 466.,115
USB Mouse Compact,Electronics,Wired USB mouse with high precision. Compact model – batch 467.,149
Algorithms Book Pro,Book,Introduction to algorithms and programming logic. Pro model – batch 468.,478
Algorithms Book USB-C,Book,Introduction to algorithms and programming logic. USB-C model – batch 469.,415
Blue Pen Standard,Stationery,Blue ballpoint pen. Standard model – batch 470.,36
Bluetooth Headphones Compact,Electronics,Wireless headphones with noise cancellation. Compact model – batch 471.,168
Clean Code Book USB-C,Book,Best practices for clean and maintainable code. USB-C model – batch 472.,340
Laptop i5 Standard,Electronics,Laptop with Intel i5 processor and SSD. Standard model – batch 473.,184
University Notebook Wireless,Stationery,Notebook with 200 pages. Wireless model – batch 474.,99
Mechanical Keyboard Advanced,Electronics,Mechanical keyboard with blue switches. Advanced model – batch 475.,351
Laptop Backpack Premium,Accessories,Durable backpack for up to 15-inch laptops. Premium model – batch 476.,53
USB Flash Drive 64GB Premium,Electronics,USB 3.0 flash drive with 64GB capacity. Premium model – batch 477.,5
Laptop i5 USB-C,Electronics,Laptop with Intel i5 processor and SSD. USB-C model – batch 478.,132
Laptop i5 Standard,Electronics,Laptop with Intel i5 processor and SSD. Standard model – batch 479.,373
Blue Pen Pro,Stationery,Blue ballpoint pen. Pro model – batch 480.,406
Mechanical Keyboard Plus,Electronics,Mechanical keyboard with blue switches. Plus model – batch 481.,326
Django Book Wireless,Book,Web development with Django. Wireless model – batch 482.,434
Clean Code Book Advanced,Book,Best practices for clean and maintainable code. Advanced model – batch 483.,184
USB Flash Drive 64GB Pro,Electronics,USB 3.0 flash drive with 64GB capacity. Pro model – batch 484.,309
University Notebook Plus,Stationery,Notebook with 200 pages. Plus model – batch 485.,482
Laptop i5 Pro,Electronics,Laptop with Intel i5 processor and SSD. Pro model – batch 486.,38
Gaming Mousepad Standard,Accessories,Large mousepad with non-slip base. Standard model – batch 487.,171
Django Book USB-C,Book,Web development with Django. USB-C model – batch 488.,187
External Hard Drive 1TB Plus,Electronics,Portable 1TB external storage. Plus model – batch 489.,33
Gaming Mousepad Standard,Accessories,Large mousepad with non-slip base. Standard model – batch 490.,487
24 Inch Monitor Compact,Electronics,Full HD monitor for work and gaming. Compact model – batch 491.,236
Laptop Backpack Advanced,Accessories,Durable backpack for up to 15-inch laptops. Advanced model – batch 492.,81
Algorithms Book Premium,Book,Introduction to algorithms and programming logic. Premium model – batch 493.,287
University Notebook Compact,Stationery,Notebook with 200 pages. Compact model – batch 494.,315
Clean Code Book USB-C,Book,Best practices for clean and maintainable code. USB-C model – batch 495.,116
HDMI Cable Premium,Accessories,High-speed HDMI 2.0 cable. Premium model – batch 496.,102
ATX Power Supply 600W USB-C,Electronics,600W certified power supply. USB-C model – batch 497.,160
External Hard Drive 1TB Premium,Electronics,Portable 1TB external storage. Premium model – batch 498.,189
Gaming Mousepad Compact,Accessories,Large mousepad with non-slip base. Compact model – batch 499.,344
External Hard Drive 1TB Premium,Electronics,Portable 1TB external storage. Premium model – batch 500.,261
Laptop Backpack Advanced,Accessories,Durable backpack for up to 15-inch laptops. Advanced model – batch 501.,86
Full HD Webcam USB-C,Electronics,1080p webcam for video conferencing. USB-C model – batch 502.,476
USB Flash Drive 64GB Premium,Electronics,USB 3.0 flash drive with 64GB capacity. Premium model – batch 503.,243
Laptop i5 Plus,Electronics,Laptop with Intel i5 processor and SSD. Plus model – batch 504.,417
HDMI Cable Premium,Accessories,High-speed HDMI 2.0 cable. Premium model – batch 505.,205
Django Book Pro,Book,Web development with Django. Pro model – batch 506.,408
Mechanical Keyboard Pro,Electronics,Mechanical keyboard with blue switches. Pro model – batch 507.,282
External Hard Drive 1TB Plus,Electronics,Portable 1TB external storage. Plus model – batch 508.,192
USB Flash Drive 64GB Standard,Electronics,USB 3.0 flash drive with 64GB capacity. Standard model – batch 509.,141
HDMI Cable USB-C,Accessories,High-speed HDMI 2.0 cable. USB-C model – batch 510.,79
University Notebook Advanced,Stationery,Notebook with 200 pages. Advanced model – batch 511.,367
USB Mouse Plus,Electronics,Wired USB mouse with high precision. Plus model – batch 512.,456
USB Flash Drive 64GB Wireless,Electronics,USB 3.0 flash drive with 64GB capacity. Wireless model – batch 513.,354
Algorithms Book Pro,Book,Introduction to algorithms and programming logic. Pro model – batch 514.,149
Mechanical Keyboard Advanced,Electronics,Mechanical keyboard with blue switches. Advanced model – batch 515.,23
Multifunction Printer Pro,Electronics,Printer with scanner and copier. Pro model – batch 516.,243
Django Book Plus,Book,Web development with Django. Plus model – batch 517.,7
University Notebook Premium,Stationery,Notebook with 200 pages. Premium model – batch 518.,135
University Notebook Compact,Stationery,Notebook with 200 pages. Compact model – batch 519.,421
Clean Code Book Wireless,Book,Best practices for clean and maintainable code. Wireless model – batch 520.,393
ATX Power Supply 600W Wireless,Electronics,600W certified power supply. Wireless model – batch 521.,61
ATX Power Supply 600W Plus,Electronics,600W certified power supply. Plus model – batch 522.,389
Blue Pen Advanced,Stationery,Blue ballpoint pen. Advanced model – batch 523.,286
Algorithms Book Standard,Book,Introduction to algorithms and programming logic. Standard model – batch 524.,245
24 Inch Monitor Advanced,Electronics,Full HD monitor for work and gaming. Advanced model – batch 525.,330
Laptop Stand Standard,Accessories,Adjustable ergonomic laptop stand. Standard model – batch 526.,369
External Hard Drive 1TB Advanced,Electronics,Portable 1TB external storage. Advanced model – batch 527.,280
Django Book Premium,Book,Web development with Django. Premium model – batch 528.,312
Laptop Backpack Pro,Accessories,Durable backpack for up to 15-inch laptops. Pro model – batch 529.,281
Django Book Premium,Book,Web development with Django. Premium model – batch 530.,172
Full HD Webcam Wireless,Electronics,1080p webcam for video conferencing. Wireless model – batch 531.,425
Bluetooth Headphones Pro,Electronics,Wireless headphones with noise cancellation. Pro model – batch 532.,294
Laptop Stand Pro,Accessories,Adjustable ergonomic laptop stand. Pro model – batch 533.,457
Blue Pen Pro,Stationery,Blue ballpoint pen. Pro model – batch 534.,324
USB Flash Drive 64GB Plus,Electronics,USB 3.0 flash drive with 64GB capacity. Plus model – batch 535.,117
24 Inch Monitor Advanced,Electronics,Full HD monitor for work and gaming. Advanced model – batch 536.,230
Full HD Webcam Standard,Electronics,1080p webcam for video conferencing. Standard model – batch 537.,220
USB Flash Drive 64GB Compact,Electronics,USB 3.0 flash drive with 64GB capacity. Compact model – batch 538.,431
24 Inch Monitor Standard,Electronics,Full HD monitor for work and gaming. Standard model – batch 539.,323
Algorithms Book Standard,Book,Introduction to algorithms and programming logic. Standard model – batch 540.,263
Django Book Plus,Book,Web development with Django. Plus model – batch 541.,331
Laptop i5 Pro,Electronics,Laptop with Intel i5 processor and SSD. Pro model – batch 542.,61
Gaming Mousepad Wireless,Accessories,Large mousepad with non-slip base. Wireless model – batch 543.,393
USB Mouse USB-C,Electronics,Wired USB mouse with high precision. USB-C model – batch 544.,372
Algorithms Book Pro,Book,Introduction to algorithms and programming logic. Pro model – batch 545.,132
Bluetooth Headphones Wireless,Electronics,Wireless headphones with noise cancellation. Wireless model – batch 546.,474
Laptop Stand Advanced,Accessories,Adjustable ergonomic laptop stand. Advanced model – batch 547.,358
Python Book Pro,Book,Learn Python from beginner to advanced. Pro model – batch 548.,186
Clean Code Book Plus,Book,Best practices for clean and maintainable code. Plus model – batch 549.,415
Bluetooth Headphones Standard,Electronics,Wireless headphones with noise cancellation. Standard model – batch 550.,218
HDMI Cable Wireless,Accessories,High-speed HDMI 2.0 cable. Wireless model – batch 551.,136
Clean Code Book Wireless,Book,Best practices for clean and maintainable code. Wireless model – batch 552.,188
Multifunction Printer Advanced,Electronics,Printer with scanner and copier. Advanced model – batch 553.,499
Django Book Plus,Book,Web development with Django. Plus model – batch 554.,78
ATX Power Supply 600W Plus,Electronics,600W certified power supply. Plus model – batch 555.,165
Laptop i5 Compact,Electronics,Laptop with Intel i5 processor and SSD. Compact model – batch 556.,349
Gaming Mousepad Compact,Accessories,Large mousepad with non-slip base. Compact model – batch 557.,321
Bluetooth Headphones Pro,Electronics,Wireless headphones with noise cancellation. Pro model – batch 558.,26
Mechanical Keyboard USB-C,Electronics,Mechanical keyboard with blue switches. USB-C model – batch 559.,489
University Notebook Plus,Stationery,Notebook with 200 pages. Plus model – batch 560.,131
Blue Pen Advanced,Stationery,Blue ballpoint pen. Advanced model – batch 561.,219
Clean Code Book Plus,Book,Best practices for clean and maintainable code. Plus model – batch 562.,244
Full HD Webcam Pro,Electronics,1080p webcam for video conferencing. Pro model – batch 563.,47
Laptop Backpack Wireless,Accessories,Durable backpack for up to 15-inch laptops. Wireless model – batch 564.,127
Laptop Stand Compact,Accessories,Adjustable ergonomic laptop stand. Compact model – batch 565.,299
24 Inch Monitor Advanced,Electronics,Full HD monitor for work and gaming. Advanced model – batch 566.,382
Laptop Backpack Advanced,Accessories,Durable backpack for up to 15-inch laptops. Advanced model – batch 567.,395
24 Inch Monitor Wireless,Electronics,Full HD monitor for work and gaming. Wireless model – batch 568.,494
University Notebook Premium,Stationery,Notebook with 200 pages. Premium model – batch 569.,146
Full HD Webcam Plus,Electronics,1080p webcam for video conferencing. Plus model – batch 570.,490
Python Book Pro,Book,Learn Python from beginner to advanced. Pro model – batch 571.,121
ATX Power Supply 600W Plus,Electronics,600W certified power supply. Plus model – batch 572.,159
HDMI Cable Pro,Accessories,High-speed HDMI 2.0 cable. Pro model – batch 573.,276
Clean Code Book Standard,Book,Best practices for clean and maintainable code. Standard model – batch 574.,421
Bluetooth Headphones Standard,Electronics,Wireless headphones with noise cancellation. Standard model – batch 575.,406
Python Book Pro,Book,Learn Python from beginner to advanced. Pro model – batch 576.,439
Django Book Pro,Book,Web development with Django. Pro model – batch 577.,199
University Notebook Compact,Stationery,Notebook with 200 pages. Compact model – batch 578.,198
Bluetooth Headphones Plus,Electronics,Wireless headphones with noise cancellation. Plus model – batch 579.,455
Blue Pen USB-C,Stationery,Blue ballpoint pen. USB-C model – batch 580.,99
Algorithms Book Plus,Book,Introduction to algorithms and programming logic. Plus model – batch 581.,120
Mechanical Keyboard Plus,Electronics,Mechanical keyboard with blue switches. Plus model – batch 582.,360
Laptop Backpack Standard,Accessories,Durable backpack for up to 15-inch laptops. Standard model – batch 583.,493
Python Book Standard,Book,Learn Python from beginner to advanced. Standard model – batch 584.,152
Laptop Backpack USB-C,Accessories,Durable backpack for up to 15-inch laptops. USB-C model – batch 585.,430
Algorithms Book Compact,Book,Introduction to algorithms and programming logic. Compact model – batch 586.,289
USB Mouse Standard,Electronics,Wired USB mouse with high precision. Standard model – batch 587.,243
Mechanical Keyboard Advanced,Electronics,Mechanical keyboard with blue switches. Advanced model – batch 588.,360
USB Flash Drive 64GB Compact,Electronics,USB 3.0 flash drive with 64GB capacity. Compact model – batch 589.,497
Blue Pen Premium,Stationery,Blue ballpoint pen. Premium model – batch 590.,373
24 Inch Monitor Wireless,Electronics,Full HD monitor for work and gaming. Wireless model – batch 591.,95
Laptop Backpack Compact,Accessories,Durable backpack for up to 15-inch laptops. Compact model – batch 592.,186
Bluetooth Headphones Pro,Electronics,Wireless headphones with noise cancellation. Pro model – batch 593.,20
Laptop Stand Compact,Accessories,Adjustable ergonomic laptop stand. Compact model – batch 594.,110
ATX Power Supply 600W Compact,Electronics,600W certified power supply. Compact model – batch 595.,61
HDMI Cable Premium,Accessories,High-speed HDMI 2.0 cable. Premium model – batch 596.,174
Laptop Backpack USB-C,Accessories,Durable backpack for up to 15-inch laptops. USB-C model – batch 597.,208
Mechanical Keyboard Pro,Electronics,Mechanical keyboard with blue switches. Pro model – batch 598.,262
Clean Code Book Advanced,Book,Best practices for clean and maintainable code. Advanced model – batch 599.,367
ATX Power Supply 600W USB-C,Electronics,600W certified power supply. USB-C model – batch 600.,82
USB Flash Drive 64GB Standard,Electronics,USB 3.0 flash drive with 64GB capacity. Standard model – batch 601.,135
Gaming Mousepad Wireless,Accessories,Large mousepad with non-slip base. Wireless model – batch 602.,294
HDMI Cable Standard,Accessories,High-speed HDMI 2.0 cable. Standard model – batch 603.,359
Django Book Pro,Book,Web development with Django. Pro model – batch 604.,419
Laptop Backpack USB-C,Accessories,Durable backpack for up to 15-inch laptops. USB-C model – batch 605.,396
USB Flash Drive 64GB Plus,Electronics,USB 3.0 flash drive with 64GB capacity. Plus model – batch 606.,6
Laptop i5 Premium,Electronics,Laptop with Intel i5 processor and SSD. Premium model – batch 607.,120
Gaming Mousepad USB-C,Accessories,Large mousepad with non-slip base. USB-C model – batch 608.,482
Mechanical Keyboard Wireless,Electronics,Mechanical keyboard with blue switches. Wireless model – batch 609.,303
Bluetooth Headphones Plus,Electronics,Wireless headphones with noise cancellation. Plus model – batch 610.,304
Gaming Mousepad Standard,Accessories,Large mousepad with non-slip base. Standard model – batch 611.,31
Mechanical Keyboard Premium,Electronics,Mechanical keyboard with blue switches. Premium model – batch 612.,121
Multifunction Printer Wireless,Electronics,Printer with scanner and copier. Wireless model – batch 613.,341
Blue Pen Pro,Stationery,Blue ballpoint pen. Pro model – batch 614.,432
HDMI Cable Premium,Accessories,High-speed HDMI 2.0 cable. Premium model – batch 615.,452
Laptop Backpack Compact,Accessories,Durable backpack for up to 15-inch laptops. Compact model – batch 616.,297
Gaming Mousepad Plus,Accessories,Large mousepad with non-slip base. Plus model – batch 617.,157
24 Inch Monitor Advanced,Electronics,Full HD monitor for work and gaming. Advanced model – batch 618.,198
Django Book Compact,Book,Web development with Django. Compact model – batch 619.,94
Django Book USB-C,Book,Web development with Django. USB-C model – batch 620.,427
Laptop i5 Premium,Electronics,Laptop with Intel i5 processor and SSD. Premium model – batch 621.,41
Full HD Webcam Compact,Electronics,1080p webcam for video conferencing. Compact model – batch 622.,96
24 Inch Monitor Pro,Electronics,Full HD monitor for work and gaming. Pro model – batch 623.,444
Gaming Mousepad Premium,Accessories,Large mousepad with non-slip base. Premium model – batch 624.,230
University Notebook Plus,Stationery,Notebook with 200 pages. Plus model – batch 625.,14
Algorithms Book Advanced,Book,Introduction to algorithms and programming logic. Advanced model – batch 626.,303
24 Inch Monitor Standard,Electronics,Full HD monitor for work and gaming. Standard model – batch 627.,465
Bluetooth Headphones USB-C,Electronics,Wireless headphones with noise cancellation. USB-C model – batch 628.,164
HDMI Cable Wireless,Accessories,High-speed HDMI 2.0 cable. Wireless model – batch 629.,395
Laptop Backpack Compact,Accessories,Durable backpack for up to 15-inch laptops. Compact model – batch 630.,381
HDMI Cable USB-C,Accessories,High-speed HDMI 2.0 cable. USB-C model – batch 631.,204
USB Mouse USB-C,Electronics,Wired USB mouse with high precision. USB-C model – batch 632.,199
Mechanical Keyboard Plus,Electronics,Mechanical keyboard with blue switches. Plus model – batch 633.,347
Algorithms Book Compact,Book,Introduction to algorithms and programming logic. Compact model – batch 634.,61
USB Flash Drive 64GB USB-C,Electronics,USB 3.0 flash drive with 64GB capacity. USB-C model – batch 635.,175
External Hard Drive 1TB Standard,Electronics,Portable 1TB external storage. Standard model – batch 636.,490
24 Inch Monitor Standard,Electronics,Full HD monitor for work and gaming. Standard model – batch 637.,447
USB Mouse Advanced,Electronics,Wired USB mouse with high precision. Advanced model – batch 638.,195
Django Book Pro,Book,Web development with Django. Pro model – batch 639.,191
ATX Power Supply 600W Plus,Electronics,600W certified power supply. Plus model – batch 640.,298
Django Book USB-C,Book,Web development with Django. USB-C model – batch 641.,488
HDMI Cable Advanced,Accessories,High-speed HDMI 2.0 cable. Advanced model – batch 642.,223
Clean Code Book Premium,Book,Best practices for clean and maintainable code. Premium model – batch 643.,363
Blue Pen Advanced,Stationery,Blue ballpoint pen. Advanced model – batch 644.,428
Django Book Compact,Book,Web development with Django. Compact model – batch 645.,464
HDMI Cable Premium,Accessories,High-speed HDMI 2.0 cable. Premium model – batch 646.,368
USB Mouse Plus,Electronics,Wired USB mouse with high precision. Plus model – batch 647.,495
Python Book Compact,Book,Learn Python from beginner to advanced. Compact model – batch 648.,234
University Notebook Wireless,Stationery,Notebook with 200 pages. Wireless model – batch 649.,74
Full HD Webcam Wireless,Electronics,1080p webcam for video conferencing. Wireless model – batch 650.,118
Laptop i5 Pro,Electronics,Laptop with Intel i5 processor and SSD. Pro model – batch 651.,69
Laptop Stand Standard,Accessories,Adjustable ergonomic laptop stand. Standard model – batch 652.,246
Bluetooth Headphones Compact,Electronics,Wireless headphones with noise cancellation. Compact model – batch 653.,116
Laptop Stand Advanced,Accessories,Adjustable ergonomic laptop stand. Advanced model – batch 654.,167
HDMI Cable USB-C,Accessories,High-speed HDMI 2.0 cable. USB-C model – batch 655.,177
External Hard Drive 1TB Advanced,Electronics,Portable 1TB external storage. Advanced model – batch 656.,101
External Hard Drive 1TB Pro,Electronics,Portable 1TB external storage. Pro model – batch 657.,497
Bluetooth Headphones Advanced,Electronics,Wireless headphones with noise cancellation. Advanced model – batch 658.,434
Mechanical Keyboard Advanced,Electronics,Mechanical keyboard with blue switches. Advanced model – batch 659.,58
ATX Power Supply 600W Wireless,Electronics,600W certified power supply. Wireless model – batch 660.,444
HDMI Cable Pro,Accessories,High-speed HDMI 2.0 cable. Pro model – batch 661.,349
Algorithms Book Plus,Book,Introduction to algorithms and programming logic. Plus model – batch 662.,261
Laptop Backpack USB-C,Accessories,Durable backpack for up to 15-inch laptops. USB-C model – batch 663.,381
University Notebook Advanced,Stationery,Notebook with 200 pages. Advanced model – batch 664.,408
Algorithms Book USB-C,Book,Introduction to algorithms and programming logic. USB-C model – batch 665.,109
Gaming Mousepad Advanced,Accessories,Large mousepad with non-slip base. Advanced model – batch 666.,11
Full HD Webcam Wireless,Electronics,1080p webcam for video conferencing. Wireless model – batch 667.,195
HDMI Cable Pro,Accessories,High-speed HDMI 2.0 cable. Pro model – batch 668.,80
Laptop Stand Advanced,Accessories,Adjustable ergonomic laptop stand. Advanced model – batch 669.,33
24 Inch Monitor Compact,Electronics,Full HD monitor for work and gaming. Compact model – batch 670.,249
USB Mouse Standard,Electronics,Wired USB mouse with high precision. Standard model – batch 671.,367
Full HD Webcam Premium,Electronics,1080p webcam for video conferencing. Premium model – batch 672.,209
USB Flash Drive 64GB Wireless,Electronics,USB 3.0 flash drive with 64GB capacity. Wireless model – batch 673.,433
24 Inch Monitor USB-C,Electronics,Full HD monitor for work and gaming. USB-C model – batch 674.,197
24 Inch Monitor Compact,Electronics,Full HD monitor for work and gaming. Compact model – batch 675.,402
Multifunction Printer Wireless,Electronics,Printer with scanner and copier. Wireless model – batch 676.,421
Blue Pen Premium,Stationery,Blue ballpoint pen. Premium model – batch 677.,256
Laptop Backpack Plus,Accessories,Durable backpack for up to 15-inch laptops. Plus model – batch 678.,357
Full HD Webcam Compact,Electronics,1080p webcam for video conferencing. Compact model – batch 679.,320
Laptop Backpack Compact,Accessories,Durable backpack for up to 15-inch laptops. Compact model – batch 680.,141
HDMI Cable Wireless,Accessories,High-speed HDMI 2.0 cable. Wireless model – batch 681.,383
Multifunction Printer Standard,Electronics,Printer with scanner and copier. Standard model – batch 682.,20
Laptop Backpack Premium,Accessories,Durable backpack for up to 15-inch laptops. Premium model – batch 683.,207
Multifunction Printer Compact,Electronics,Printer with scanner and copier. Compact model – batch 684.,27
University Notebook Pro,Stationery,Notebook with 200 pages. Pro model – batch 685.,207
24 Inch Monitor Wireless,Electronics,Full HD monitor for work and gaming. Wireless model – batch 686.,175
Laptop Stand Pro,Accessories,Adjustable ergonomic laptop stand. Pro model – batch 687.,263
Blue Pen Premium,Stationery,Blue ballpoint pen. Premium model – batch 688.,5
Bluetooth Headphones USB-C,Electronics,Wireless headphones with noise cancellation. USB-C model – batch 689.,106
Django Book Premium,Book,Web development with Django. Premium model – batch 690.,72
HDMI Cable USB-C,Accessories,High-speed HDMI 2.0 cable. USB-C model – batch 691.,90
Django Book Advanced,Book,Web development with Django. Advanced model – batch 692.,112
Full HD Webcam Compact,Electronics,1080p webcam for video conferencing. Compact model – batch 693.,487
Python Book Standard,Book,Learn Python from beginner to advanced. Standard model – batch 694.,464
Laptop i5 USB-C,Electronics,Laptop with Intel i5 processor and SSD. USB-C model – batch 695.,376
University Notebook Plus,Stationery,Notebook with 200 pages. Plus model – batch 696.,436
Clean Code Book Compact,Book,Best practices for clean and maintainable code. Compact model – batch 697.,285
Laptop Backpack Advanced,Accessories,Durable backpack for up to 15-inch laptops. Advanced model – batch 698.,484
Laptop Backpack Pro,Accessories,Durable backpack for up to 15-inch laptops. Pro model – batch 699.,100
Django Book Wireless,Book,Web development with Django. Wireless model – batch 700.,88
Bluetooth Headphones Premium,Electronics,Wireless headphones with noise cancellation. Premium model – batch 701.,219
Laptop i5 Premium,Electronics,Laptop with Intel i5 processor and SSD. Premium model – batch 702.,56
External Hard Drive 1TB Premium,Electronics,Portable 1TB external storage. Premium model – batch 703.,308
Laptop i5 Plus,Electronics,Laptop with Intel i5 processor and SSD. Plus model – batch 704.,413
Full HD Webcam Premium,Electronics,1080p webcam for video conferencing. Premium model – batch 705.,339
Python Book USB-C,Book,Learn Python from beginner to advanced. USB-C model – batch 706.,52
Django Book Standard,Book,Web development with Django. Standard model – batch 707.,35
HDMI Cable Wireless,Accessories,High-speed HDMI 2.0 cable. Wireless model – batch 708.,255
Algorithms Book Compact,Book,Introduction to algorithms and programming logic. Compact model – batch 709.,210
HDMI Cable Standard,Accessories,High-speed HDMI 2.0 cable. Standard model – batch 710.,349
USB Mouse Pro,Electronics,Wired USB mouse with high precision. Pro model – batch 711.,22
External Hard Drive 1TB Standard,Electronics,Portable 1TB external storage. Standard model – batch 712.,345
ATX Power Supply 600W USB-C,Electronics,600W certified power supply. USB-C model – batch 713.,496
Clean Code Book Plus,Book,Best practices for clean and maintainable code. Plus model – batch 714.,64
Multifunction Printer Pro,Electronics,Printer with scanner and copier. Pro model – batch 715.,178
Bluetooth Headphones Pro,Electronics,Wireless headphones with noise cancellation. Pro model – batch 716.,176
Laptop Backpack Premium,Accessories,Durable backpack for up to 15-inch laptops. Premium model – batch 717.,18
Laptop i5 Premium,Electronics,Laptop with Intel i5 processor and SSD. Premium model – batch 718.,158
Algorithms Book Pro,Book,Introduction to algorithms and programming logic. Pro model – batch 719.,373
Django Book Wireless,Book,Web development with Django. Wireless model – batch 720.,8
Django Book Pro,Book,Web development with Django. Pro model – batch 721.,480
USB Flash Drive 64GB Premium,Electronics,USB 3.0 flash drive with 64GB capacity. Premium model – batch 722.,437
Python Book Advanced,Book,Learn Python from beginner to advanced. Advanced model – batch 723.,361
Laptop i5 Wireless,Electronics,Laptop with Intel i5 processor and SSD. Wireless model – batch 724.,175
Django Book Pro,Book,Web development with Django. Pro model – batch 725.,354
USB Flash Drive 64GB Standard,Electronics,USB 3.0 flash drive with 64GB capacity. Standard model – batch 726.,91
Clean Code Book Compact,Book,Best practices for clean and maintainable code. Compact model – batch 727.,387
ATX Power Supply 600W Wireless,Electronics,600W certified power supply. Wireless model – batch 728.,232
ATX Power Supply 600W Advanced,Electronics,600W certified power supply. Advanced model – batch 729.,383
USB Flash Drive 64GB USB-C,Electronics,USB 3.0 flash drive with 64GB capacity. USB-C model – batch 730.,384
HDMI Cable Premium,Accessories,High-speed HDMI 2.0 cable. Premium model – batch 731.,52
Blue Pen Advanced,Stationery,Blue ballpoint pen. Advanced model – batch 732.,238
Mechanical Keyboard Pro,Electronics,Mechanical keyboard with blue switches. Pro model – batch 733.,378
Multifunction Printer USB-C,Electronics,Printer with scanner and copier. USB-C model – batch 734.,210
External Hard Drive 1TB Wireless,Electronics,Portable 1TB external storage. Wireless model – batch 735.,108
USB Flash Drive 64GB Advanced,Electronics,USB 3.0 flash drive with 64GB capacity. Advanced model – batch 736.,72
External Hard Drive 1TB Advanced,Electronics,Portable 1TB external storage. Advanced model – batch 737.,390
Full HD Webcam Compact,Electronics,1080p webcam for video conferencing. Compact model – batch 738.,239
USB Mouse Plus,Electronics,Wired USB mouse with high precision. Plus model – batch 739.,361
Laptop Backpack Wireless,Accessories,Durable backpack for up to 15-inch laptops. Wireless model – batch 740.,374
University Notebook Compact,Stationery,Notebook with 200 pages. Compact model – batch 741.,408
Laptop Stand Advanced,Accessories,Adjustable ergonomic laptop stand. Advanced model – batch 742.,215
Algorithms Book Standard,Book,Introduction to algorithms and programming logic. Standard model – batch 743.,248
Laptop Stand Wireless,Accessories,Adjustable ergonomic laptop stand. Wireless model – batch 744.,357
Multifunction Printer Plus,Electronics,Printer with scanner and copier. Plus model – batch 745.,55
External Hard Drive 1TB Advanced,Electronics,Portable 1TB external storage. Advanced model – batch 746.,70
Multifunction Printer Pro,Electronics,Printer with scanner and copier. Pro model – batch 747.,219
Laptop i5 Premium,Electronics,Laptop with Intel i5 processor and SSD. Premium model – batch 748.,407
USB Flash Drive 64GB USB-C,Electronics,USB 3.0 flash drive with 64GB capacity. USB-C model – batch 749.,487
Mechanical Keyboard Pro,Electronics,Mechanical keyboard with blue switches. Pro model – batch 750.,468
External Hard Drive 1TB Advanced,Electronics,Portable 1TB external storage. Advanced model – batch 751.,288
Clean Code Book USB-C,Book,Best practices for clean and maintainable code. USB-C model – batch 752.,126
24 Inch Monitor Advanced,Electronics,Full HD monitor for work and gaming. Advanced model – batch 753.,312
External Hard Drive 1TB Wireless,Electronics,Portable 1TB external storage. Wireless model – batch 754.,16
Django Book Advanced,Book,Web development with Django. Advanced model – batch 755.,60
Blue Pen Advanced,Stationery,Blue ballpoint pen. Advanced model – batch 756.,59
Gaming Mousepad Premium,Accessories,Large mousepad with non-slip base. Premium model – batch 757.,61
Laptop i5 USB-C,Electronics,Laptop with Intel i5 processor and SSD. USB-C model – batch 758.,271
ATX Power Supply 600W USB-C,Electronics,600W certified power supply. USB-C model – batch 759.,491
Clean Code Book Standard,Book,Best practices for clean and maintainable code. Standard model – batch 760.,344
Multifunction Printer Pro,Electronics,Printer with scanner and copier. Pro model – batch 761.,420
Full HD Webcam Plus,Electronics,1080p webcam for video conferencing. Plus model – batch 762.,29
Multifunction Printer Advanced,Electronics,Printer with scanner and copier. Advanced model – batch 763.,383
University Notebook Advanced,Stationery,Notebook with 200 pages. Advanced model – batch 764.,200
Laptop Stand Compact,Accessories,Adjustable ergonomic laptop stand. Compact model – batch 765.,82
HDMI Cable Plus,Accessories,High-speed HDMI 2.0 cable. Plus model – batch 766.,350
24 Inch Monitor Wireless,Electronics,Full HD monitor for work and gaming. Wireless model – batch 767.,58
Full HD Webcam Wireless,Electronics,1080p webcam for video conferencing. Wireless model – batch 768.,363
Blue Pen USB-C,Stationery,Blue ballpoint pen. USB-C model – batch 769.,295
Laptop Backpack Compact,Accessories,Durable backpack for up to 15-inch laptops. Compact model – batch 770.,41
USB Flash Drive 64GB USB-C,Electronics,USB 3.0 flash drive with 64GB capacity. USB-C model – batch 771.,229
Multifunction Printer Premium,Electronics,Printer with scanner and copier. Premium model – batch 772.,193
Laptop Stand Plus,Accessories,Adjustable ergonomic laptop stand. Plus model – batch 773.,342
Gaming Mousepad Advanced,Accessories,Large mousepad with non-slip base. Advanced model – batch 774.,163
Mechanical Keyboard Premium,Electronics,Mechanical keyboard with blue switches. Premium model – batch 775.,462
Full HD Webcam Plus,Electronics,1080p webcam for video conferencing. Plus model – batch 776.,406
Python Book Premium,Book,Learn Python from beginner to advanced. Premium model – batch 777.,151
Full HD Webcam Advanced,Electronics,1080p webcam for video conferencing. Advanced model – batch 778.,379
Mechanical Keyboard Plus,Electronics,Mechanical keyboard with blue switches. Plus model – batch 779.,36
Laptop Stand Wireless,Accessories,Adjustable ergonomic laptop stand. Wireless model – batch 780.,161
USB Mouse USB-C,Electronics,Wired USB mouse with high precision. USB-C model – batch 781.,36
Laptop Backpack Premium,Accessories,Durable backpack for up to 15-inch laptops. Premium model – batch 782.,478
Laptop i5 Advanced,Electronics,Laptop with Intel i5 processor and SSD. Advanced model – batch 783.,29
Algorithms Book Premium,Book,Introduction to algorithms and programming logic. Premium model – batch 784.,381
Mechanical Keyboard Compact,Electronics,Mechanical keyboard with blue switches. Compact model – batch 785.,143
Full HD Webcam Premium,Electronics,1080p webcam for video conferencing. Premium model – batch 786.,482
USB Flash Drive 64GB USB-C,Electronics,USB 3.0 flash drive with 64GB capacity. USB-C model – batch 787.,109
Full HD Webcam Standard,Electronics,1080p webcam for video conferencing. Standard model – batch 788.,111
Django Book Premium,Book,Web development with Django. Premium model – batch 789.,207
HDMI Cable Wireless,Accessories,High-speed HDMI 2.0 cable. Wireless model – batch 790.,328
Laptop Backpack Compact,Accessories,Durable backpack for up to 15-inch laptops. Compact model – batch 791.,38
ATX Power Supply 600W USB-C,Electronics,600W certified power supply. USB-C model – batch 792.,302
External Hard Drive 1TB Plus,Electronics,Portable 1TB external storage. Plus model – batch 793.,413
Laptop i5 Plus,Electronics,Laptop with Intel i5 processor and SSD. Plus model – batch 794.,38
Python Book Plus,Book,Learn Python from beginner to advanced. Plus model – batch 795.,326
Python Book USB-C,Book,Learn Python from beginner to advanced. USB-C model – batch 796.,248
USB Mouse Compact,Electronics,Wired USB mouse with high precision. Compact model – batch 797.,195
Laptop i5 Standard,Electronics,Laptop with Intel i5 processor and SSD. Standard model – batch 798.,40
Mechanical Keyboard Standard,Electronics,Mechanical keyboard with blue switches. Standard model – batch 799.,461
Laptop i5 Wireless,Electronics,Laptop with Intel i5 processor and SSD. Wireless model – batch 800.,432
Full HD Webcam Wireless,Electronics,1080p webcam for video conferencing. Wireless model – batch 801.,218
External Hard Drive 1TB Premium,Electronics,Portable 1TB external storage. Premium model – batch 802.,447
External Hard Drive 1TB Wireless,Electronics,Portable 1TB external storage. Wireless model – batch 803.,201
Blue Pen Standard,Stationery,Blue ballpoint pen. Standard model – batch 804.,160
Algorithms Book Advanced,Book,Introduction to algorithms and programming logic. Advanced model – batch 805.,42
Laptop Backpack Wireless,Accessories,Durable backpack for up to 15-inch laptops. Wireless model – batch 806.,439
HDMI Cable USB-C,Accessories,High-speed HDMI 2.0 cable. USB-C model – batch 807.,110
Algorithms Book Standard,Book,Introduction to algorithms and programming logic. Standard model – batch 808.,452
ATX Power Supply 600W Compact,Electronics,600W certified power supply. Compact model – batch 809.,187
Django Book Plus,Book,Web development with Django. Plus model – batch 810.,82
University Notebook Advanced,Stationery,Notebook with 200 pages. Advanced model – batch 811.,84
Mechanical Keyboard Pro,Electronics,Mechanical keyboard with blue switches. Pro model – batch 812.,190
Algorithms Book Compact,Book,Introduction to algorithms and programming logic. Compact model – batch 813.,97
Django Book Plus,Book,Web development with Django. Plus model – batch 814.,137
External Hard Drive 1TB Pro,Electronics,Portable 1TB external storage. Pro model – batch 815.,173
Gaming Mousepad Wireless,Accessories,Large mousepad with non-slip base. Wireless model – batch 816.,260
Blue Pen Standard,Stationery,Blue ballpoint pen. Standard model – batch 817.,153
USB Mouse USB-C,Electronics,Wired USB mouse with high precision. USB-C model – batch 818.,470
USB Mouse Compact,Electronics,Wired USB mouse with high precision. Compact model – batch 819.,134
Clean Code Book Advanced,Book,Best practices for clean and maintainable code. Advanced model – batch 820.,356
External Hard Drive 1TB Compact,Electronics,Portable 1TB external storage. Compact model – batch 821.,406
USB Mouse Compact,Electronics,Wired USB mouse with high precision. Compact model – batch 822.,167
Bluetooth Headphones Wireless,Electronics,Wireless headphones with noise cancellation. Wireless model – batch 823.,208
Bluetooth Headphones Advanced,Electronics,Wireless headphones with noise cancellation. Advanced model – batch 824.,214
External Hard Drive 1TB Pro,Electronics,Portable 1TB external storage. Pro model – batch 825.,137
Laptop Backpack Standard,Accessories,Durable backpack for up to 15-inch laptops. Standard model – batch 826.,201
USB Flash Drive 64GB Advanced,Electronics,USB 3.0 flash drive with 64GB capacity. Advanced model – batch 827.,93
Mechanical Keyboard Plus,Electronics,Mechanical keyboard with blue switches. Plus model – batch 828.,114
24 Inch Monitor Compact,Electronics,Full HD monitor for work and gaming. Compact model – batch 829.,214
Blue Pen Plus,Stationery,Blue ballpoint pen. Plus model – batch 830.,12
Full HD Webcam Pro,Electronics,1080p webcam for video conferencing. Pro model – batch 831.,429
Algorithms Book Wireless,Book,Introduction to algorithms and programming logic. Wireless model – batch 832.,177
USB Mouse Compact,Electronics,Wired USB mouse with high precision. Compact model – batch 833.,212
USB Mouse Plus,Electronics,Wired USB mouse with high precision. Plus model – batch 834.,145
Gaming Mousepad Plus,Accessories,Large mousepad with non-slip base. Plus model – batch 835.,16
Gaming Mousepad Plus,Accessories,Large mousepad with non-slip base. Plus model – batch 836.,156
USB Mouse Advanced,Electronics,Wired USB mouse with high precision. Advanced model – batch 837.,326
Gaming Mousepad Premium,Accessories,Large mousepad with non-slip base. Premium model – batch 838.,471
Python Book Pro,Book,Learn Python from beginner to advanced. Pro model – batch 839.,365
External Hard Drive 1TB Pro,Electronics,Portable 1TB external storage. Pro model – batch 840.,292
USB Mouse Advanced,Electronics,Wired USB mouse with high precision. Advanced model – batch 841.,305
Blue Pen Plus,Stationery,Blue ballpoint pen. Plus model – batch 842.,194
HDMI Cable Compact,Accessories,High-speed HDMI 2.0 cable. Compact model – batch 843.,147
Python Book USB-C,Book,Learn Python from beginner to advanced. USB-C model – batch 844.,172
Laptop Backpack Standard,Accessories,Durable backpack for up to 15-inch laptops. Standard model – batch 845.,141
Django Book USB-C,Book,Web development with Django. USB-C model – batch 846.,251
Django Book USB-C,Book,Web development with Django. USB-C model – batch 847.,487
Laptop Backpack Wireless,Accessories,Durable backpack for up to 15-inch laptops. Wireless model – batch 848.,27
ATX Power Supply 600W USB-C,Electronics,600W certified power supply. USB-C model – batch 849.,441
ATX Power Supply 600W Standard,Electronics,600W certified power supply. Standard model – batch 850.,409
Python Book Pro,Book,Learn Python from beginner to advanced. Pro model – batch 851.,178
USB Flash Drive 64GB Plus,Electronics,USB 3.0 flash drive with 64GB capacity. Plus model – batch 852.,150
Laptop Backpack Standard,Accessories,Durable backpack for up to 15-inch laptops. Standard model – batch 853.,294
University Notebook Plus,Stationery,Notebook with 200 pages. Plus model – batch 854.,447
Multifunction Printer Wireless,Electronics,Printer with scanner and copier. Wireless model – batch 855.,127
Laptop Backpack Compact,Accessories,Durable backpack for up to 15-inch laptops. Compact model – batch 856.,153
Laptop i5 Compact,Electronics,Laptop with Intel i5 processor and SSD. Compact model – batch 857.,497
Django Book Standard,Book,Web development with Django. Standard model – batch 858.,170
Bluetooth Headphones Standard,Electronics,Wireless headphones with noise cancellation. Standard model – batch 859.,296
HDMI Cable Wireless,Accessories,High-speed HDMI 2.0 cable. Wireless model – batch 860.,338
ATX Power Supply 600W USB-C,Electronics,600W certified power supply. USB-C model – batch 861.,330
Full HD Webcam Premium,Electronics,1080p webcam for video conferencing. Premium model – batch 862.,8
Python Book USB-C,Book,Learn Python from beginner to advanced. USB-C model – batch 863.,275
Bluetooth Headphones USB-C,Electronics,Wireless headphones with noise cancellation. USB-C model – batch 864.,260
Multifunction Printer Plus,Electronics,Printer with scanner and copier. Plus model – batch 865.,446
Bluetooth Headphones Pro,Electronics,Wireless headphones with noise cancellation. Pro model – batch 866.,116
Full HD Webcam Advanced,Electronics,1080p webcam for video conferencing. Advanced model – batch 867.,300
Clean Code Book Plus,Book,Best practices for clean and maintainable code. Plus model – batch 868.,304
Gaming Mousepad USB-C,Accessories,Large mousepad with non-slip base. USB-C model – batch 869.,40
Multifunction Printer Compact,Electronics,Printer with scanner and copier. Compact model – batch 870.,462
Algorithms Book Compact,Book,Introduction to algorithms and programming logic. Compact model – batch 871.,347
Python Book Plus,Book,Learn Python from beginner to advanced. Plus model – batch 872.,14
Laptop Stand Premium,Accessories,Adjustable ergonomic laptop stand. Premium model – batch 873.,55
Python Book Advanced,Book,Learn Python from beginner to advanced. Advanced model – batch 874.,395
ATX Power Supply 600W USB-C,Electronics,600W certified power supply. USB-C model – batch 875.,165
Laptop Backpack Plus,Accessories,Durable backpack for up to 15-inch laptops. Plus model – batch 876.,315
Blue Pen Plus,Stationery,Blue ballpoint pen. Plus model – batch 877.,75
Laptop Backpack Wireless,Accessories,Durable backpack for up to 15-inch laptops. Wireless model – batch 878.,169
Gaming Mousepad Pro,Accessories,Large mousepad with non-slip base. Pro model – batch 879.,121
External Hard Drive 1TB Compact,Electronics,Portable 1TB external storage. Compact model – batch 880.,246
University Notebook Compact,Stationery,Notebook with 200 pages. Compact model – batch 881.,329
Blue Pen Standard,Stationery,Blue ballpoint pen. Standard model – batch 882.,92
Blue Pen Compact,Stationery,Blue ballpoint pen. Compact model – batch 883.,99
Laptop Backpack Standard,Accessories,Durable backpack for up to 15-inch laptops. Standard model – batch 884.,81
Mechanical Keyboard Premium,Electronics,Mechanical keyboard with blue switches. Premium model – batch 885.,395
Bluetooth Headphones Pro,Electronics,Wireless headphones with noise cancellation. Pro model – batch 886.,104
Laptop i5 Compact,Electronics,Laptop with Intel i5 processor and SSD. Compact model – batch 887.,466
Blue Pen USB-C,Stationery,Blue ballpoint pen. USB-C model – batch 888.,466
Blue Pen Advanced,Stationery,Blue ballpoint pen. Advanced model – batch 889.,490
Mechanical Keyboard Premium,Electronics,Mechanical keyboard with blue switches. Premium model – batch 890.,337
Python Book Compact,Book,Learn Python from beginner to advanced. Compact model – batch 891.,331
Clean Code Book Compact,Book,Best practices for clean and maintainable code. Compact model – batch 892.,388
Bluetooth Headphones USB-C,Electronics,Wireless headphones with noise cancellation. USB-C model – batch 893.,429
Laptop Backpack Plus,Accessories,Durable backpack for up to 15-inch laptops. Plus model – batch 894.,452
External Hard Drive 1TB Wireless,Electronics,Portable 1TB external storage. Wireless model – batch 895.,464
Python Book Premium,Book,Learn Python from beginner to advanced. Premium model – batch 896.,177
Laptop Backpack Wireless,Accessories,Durable backpack for up to 15-inch laptops. Wireless model – batch 897.,356
Python Book Standard,Book,Learn Python from beginner to advanced. Standard model – batch 898.,371
USB Flash Drive 64GB Compact,Electronics,USB 3.0 flash drive with 64GB capacity. Compact model – batch 899.,426
Clean Code Book Wireless,Book,Best practices for clean and maintainable code. Wireless model – batch 900.,155
Multifunction Printer Advanced,Electronics,Printer with scanner and copier. Advanced model – batch 901.,126
Clean Code Book Pro,Book,Best practices for clean and maintainable code. Pro model – batch 902.,119
USB Mouse Plus,Electronics,Wired USB mouse with high precision. Plus model – batch 903.,381
Bluetooth Headphones Plus,Electronics,Wireless headphones with noise cancellation. Plus model – batch 904.,59
24 Inch Monitor Compact,Electronics,Full HD monitor for work and gaming. Compact model – batch 905.,282
USB Flash Drive 64GB Plus,Electronics,USB 3.0 flash drive with 64GB capacity. Plus model – batch 906.,306
Gaming Mousepad Standard,Accessories,Large mousepad with non-slip base. Standard model – batch 907.,330
University Notebook USB-C,Stationery,Notebook with 200 pages. USB-C model – batch 908.,151
Blue Pen Wireless,Stationery,Blue ballpoint pen. Wireless model – batch 909.,138
Full HD Webcam USB-C,Electronics,1080p webcam for video conferencing. USB-C model – batch 910.,420
ATX Power Supply 600W USB-C,Electronics,600W certified power supply. USB-C model – batch 911.,350
Clean Code Book Premium,Book,Best practices for clean and maintainable code. Premium model – batch 912.,267
Laptop i5 Pro,Electronics,Laptop with Intel i5 processor and SSD. Pro model – batch 913.,42
Clean Code Book Wireless,Book,Best practices for clean and maintainable code. Wireless model – batch 914.,297
Python Book Compact,Book,Learn Python from beginner to advanced. Compact model – batch 915.,416
Algorithms Book Premium,Book,Introduction to algorithms and programming logic. Premium model – batch 916.,21
Blue Pen Pro,Stationery,Blue ballpoint pen. Pro model – batch 917.,426
ATX Power Supply 600W Plus,Electronics,600W certified power supply. Plus model – batch 918.,199
USB Mouse Wireless,Electronics,Wired USB mouse with high precision. Wireless model – batch 919.,138
HDMI Cable Wireless,Accessories,High-speed HDMI 2.0 cable. Wireless model – batch 920.,432
USB Mouse Standard,Electronics,Wired USB mouse with high precision. Standard model – batch 921.,445
Laptop i5 Plus,Electronics,Laptop with Intel i5 processor and SSD. Plus model – batch 922.,235
Clean Code Book Wireless,Book,Best practices for clean and maintainable code. Wireless model – batch 923.,449
Multifunction Printer Advanced,Electronics,Printer with scanner and copier. Advanced model – batch 924.,324
Django Book Premium,Book,Web development with Django. Premium model – batch 925.,247
HDMI Cable Premium,Accessories,High-speed HDMI 2.0 cable. Premium model – batch 926.,226
Mechanical Keyboard USB-C,Electronics,Mechanical keyboard with blue switches. USB-C model – batch 927.,187
24 Inch Monitor Plus,Electronics,Full HD monitor for work and gaming. Plus model – batch 928.,298
Mechanical Keyboard Pro,Electronics,Mechanical keyboard with blue switches. Pro model – batch 929.,224
HDMI Cable Plus,Accessories,High-speed HDMI 2.0 cable. Plus model – batch 930.,157
University Notebook Compact,Stationery,Notebook with 200 pages. Compact model – batch 931.,387
Laptop i5 Pro,Electronics,Laptop with Intel i5 processor and SSD. Pro model – batch 932.,394
Algorithms Book Standard,Book,Introduction to algorithms and programming logic. Standard model – batch 933.,59
HDMI Cable USB-C,Accessories,High-speed HDMI 2.0 cable. USB-C model – batch 934.,343
Full HD Webcam Pro,Electronics,1080p webcam for video conferencing. Pro model – batch 935.,492
Gaming Mousepad USB-C,Accessories,Large mousepad with non-slip base. USB-C model – batch 936.,113
Blue Pen Standard,Stationery,Blue ballpoint pen. Standard model – batch 937.,302
Algorithms Book Advanced,Book,Introduction to algorithms and programming logic. Advanced model – batch 938.,316
University Notebook Premium,Stationery,Notebook with 200 pages. Premium model – batch 939.,334
Blue Pen Compact,Stationery,Blue ballpoint pen. Compact model – batch 940.,69
Mechanical Keyboard Advanced,Electronics,Mechanical keyboard with blue switches. Advanced model – batch 941.,173
External Hard Drive 1TB Compact,Electronics,Portable 1TB external storage. Compact model – batch 942.,328
HDMI Cable Compact,Accessories,High-speed HDMI 2.0 cable. Compact model – batch 943.,156
Laptop Stand Pro,Accessories,Adjustable ergonomic laptop stand. Pro model – batch 944.,9
Gaming Mousepad Premium,Accessories,Large mousepad with non-slip base. Premium model – batch 945.,220
University Notebook Plus,Stationery,Notebook with 200 pages. Plus model – batch 946.,224
Django Book Pro,Book,Web development with Django. Pro model – batch 947.,272
Laptop i5 Premium,Electronics,Laptop with Intel i5 processor and SSD. Premium model – batch 948.,327
Django Book Standard,Book,Web development with Django. Standard model – batch 949.,26
Laptop Stand Plus,Accessories,Adjustable ergonomic laptop stand. Plus model – batch 950.,19
HDMI Cable Compact,Accessories,High-speed HDMI 2.0 cable. Compact model – batch 951.,186
Blue Pen Standard,Stationery,Blue ballpoint pen. Standard model – batch 952.,281
Django Book Pro,Book,Web development with Django. Pro model – batch 953.,107
Laptop i5 Plus,Electronics,Laptop with Intel i5 processor and SSD. Plus model – batch 954.,500
Python Book Advanced,Book,Learn Python from beginner to advanced. Advanced model – batch 955.,71
Bluetooth Headphones Premium,Electronics,Wireless headphones with noise cancellation. Premium model – batch 956.,25
USB Flash Drive 64GB Compact,Electronics,USB 3.0 flash drive with 64GB capacity. Compact model – batch 957.,79
Algorithms Book Advanced,Book,Introduction to algorithms and programming logic. Advanced model – batch 958.,144
Laptop Backpack Wireless,Accessories,Durable backpack for up to 15-inch laptops. Wireless model – batch 959.,153
Mechanical Keyboard Standard,Electronics,Mechanical keyboard with blue switches. Standard model – batch 960.,310
Blue Pen Advanced,Stationery,Blue ballpoint pen. Advanced model – batch 961.,125
Mechanical Keyboard Wireless,Electronics,Mechanical keyboard with blue switches. Wireless model – batch 962.,442
Laptop i5 USB-C,Electronics,Laptop with Intel i5 processor and SSD. USB-C model – batch 963.,316
Algorithms Book Premium,Book,Introduction to algorithms and programming logic. Premium model – batch 964.,407
University Notebook Pro,Stationery,Notebook with 200 pages. Pro model – batch 965.,470
Multifunction Printer Premium,Electronics,Printer with scanner and copier. Premium model – batch 966.,101
Laptop i5 Compact,Electronics,Laptop with Intel i5 processor and SSD. Compact model – batch 967.,118
USB Flash Drive 64GB USB-C,Electronics,USB 3.0 flash drive with 64GB capacity. USB-C model – batch 968.,89
Full HD Webcam Plus,Electronics,1080p webcam for video conferencing. Plus model – batch 969.,451
Laptop Backpack Wireless,Accessories,Durable backpack for up to 15-inch laptops. Wireless model – batch 970.,188
Laptop Backpack Advanced,Accessories,Durable backpack for up to 15-inch laptops. Advanced model – batch 971.,366
Laptop i5 USB-C,Electronics,Laptop with Intel i5 processor and SSD. USB-C model – batch 972.,37
Multifunction Printer USB-C,Electronics,Printer with scanner and copier. USB-C model – batch 973.,138
Mechanical Keyboard Premium,Electronics,Mechanical keyboard with blue switches. Premium model – batch 974.,192
Laptop i5 Compact,Electronics,Laptop with Intel i5 processor and SSD. Compact model – batch 975.,182
Mechanical Keyboard Pro,Electronics,Mechanical keyboard with blue switches. Pro model – batch 976.,160
Full HD Webcam Plus,Electronics,1080p webcam for video conferencing. Plus model – batch 977.,27
USB Flash Drive 64GB Standard,Electronics,USB 3.0 flash drive with 64GB capacity. Standard model – batch 978.,281
Python Book Premium,Book,Learn Python from beginner to advanced. Premium model – batch 979.,22
Laptop Stand Advanced,Accessories,Adjustable ergonomic laptop stand. Advanced model – batch 980.,282
Mechanical Keyboard Advanced,Electronics,Mechanical keyboard with blue switches. Advanced model – batch 981.,61
Full HD Webcam Compact,Electronics,1080p webcam for video conferencing. Compact model – batch 982.,362
Algorithms Book USB-C,Book,Introduction to algorithms and programming logic. USB-C model – batch 983.,294
Full HD Webcam Advanced,Electronics,1080p webcam for video conferencing. Advanced model – batch 984.,275
Bluetooth Headphones USB-C,Electronics,Wireless headphones with noise cancellation. USB-C model – batch 985.,439
HDMI Cable Wireless,Accessories,High-speed HDMI 2.0 cable. Wireless model – batch 986.,343
USB Mouse Standard,Electronics,Wired USB mouse with high precision. Standard model – batch 987.,225
Mechanical Keyboard USB-C,Electronics,Mechanical keyboard with blue switches. USB-C model – batch 988.,215
Clean Code Book Standard,Book,Best practices for clean and maintainable code. Standard model – batch 989.,47
Blue Pen Wireless,Stationery,Blue ballpoint pen. Wireless model – batch 990.,270
Laptop i5 Premium,Electronics,Laptop with Intel i5 processor and SSD. Premium model – batch 991.,401
HDMI Cable Wireless,Accessories,High-speed HDMI 2.0 cable. Wireless model – batch 992.,388
Full HD Webcam Premium,Electronics,1080p webcam for video conferencing. Premium model – batch 993.,187
Mechanical Keyboard Premium,Electronics,Mechanical keyboard with blue switches. Premium model – batch 994.,113
Algorithms Book Pro,Book,Introduction to algorithms and programming logic. Pro model – batch 995.,471
Multifunction Printer Standard,Electronics,Printer with scanner and copier. Standard model – batch 996.,403
Laptop i5 USB-C,Electronics,Laptop with Intel i5 processor and SSD. USB-C model – batch 997.,424
Python Book Premium,Book,Learn Python from beginner to advanced. Premium model – batch 998.,308
Clean Code Book Premium,Book,Best practices for clean and maintainable code. Premium model – batch 999.,384
24 Inch Monitor Advanced,Electronics,Full HD monitor for work and gaming. Advanced model – batch 1000.,348
